timestamp_utc,profile,phase,elapsed_s,tctl_c,apuppt_w,freq_avg_mhz,freq_max_any_mhz,freq_min_any_mhz,policy_max_mhz,cpu_busy_pct,load1,thermal_throttle_count,bottleneck
2026-08-27T10:06:08Z,power-saver,one-core,0,40.9,4.46,1700.70,3767.77,419.42,3801.00,NA,1.38,0,policy-cap
2026-08-27T10:06:10Z,power-saver,one-core,2,42.6,6.96,1646.00,3767.98,419.42,3801.00,NA,1.43,0,policy-cap
2026-08-27T10:06:12Z,power-saver,one-core,4,43.1,7.32,1664.17,3767.52,419.42,3801.00,NA,1.43,0,policy-cap
2026-08-27T10:06:14Z,power-saver,one-core,6,43.1,7.53,1943.99,3766.09,419.42,3801.00,NA,1.48,0,policy-cap
2026-08-27T10:06:17Z,power-saver,one-core,9,43.2,7.32,1728.78,3768.09,419.42,3801.00,NA,1.48,0,policy-cap
2026-08-27T10:06:19Z,power-saver,one-core,11,43.1,7.19,1669.24,3767.74,419.42,3801.00,NA,1.52,0,policy-cap
2026-08-27T10:06:21Z,power-saver,one-core,13,43.2,7.39,1550.49,3767.98,419.42,3801.00,NA,1.52,0,policy-cap
2026-08-27T10:06:23Z,power-saver,one-core,15,43.2,7.33,1591.92,3768.08,419.42,3801.00,NA,1.52,0,policy-cap
2026-08-27T10:06:25Z,power-saver,one-core,17,43.2,7.59,2161.91,3768.19,419.42,3801.00,NA,1.56,0,policy-cap
2026-08-27T10:06:27Z,power-saver,one-core,19,43.2,7.37,1691.74,3768.12,419.42,3801.00,NA,1.56,0,policy-cap
2026-08-27T10:06:29Z,power-saver,one-core,21,43.2,7.26,2059.65,3767.48,419.42,3801.00,NA,1.59,0,policy-cap
2026-08-27T10:06:31Z,power-saver,one-core,23,43.2,7.45,1414.32,3768.14,419.42,3801.00,NA,1.59,0,policy-cap
2026-08-27T10:06:33Z,power-saver,one-core,25,43.2,7.30,1388.66,3768.22,419.42,3801.00,NA,1.59,0,policy-cap
2026-08-27T10:06:35Z,power-saver,one-core,27,43.1,7.52,1596.29,3768.12,419.42,3801.00,NA,1.63,0,policy-cap
2026-08-27T10:06:37Z,power-saver,one-core,29,43.2,7.54,1411.77,3768.12,419.42,3801.00,NA,1.63,0,policy-cap
2026-08-27T10:06:39Z,power-saver,one-core,31,43.2,7.35,1502.54,3767.18,419.42,3801.00,NA,1.66,0,policy-cap
2026-08-27T10:06:41Z,power-saver,one-core,33,43.2,7.59,1680.30,3768.09,419.42,3801.00,NA,1.66,0,policy-cap
2026-08-27T10:06:43Z,power-saver,one-core,35,43.2,7.44,2342.87,3765.74,419.42,3801.00,NA,1.66,0,policy-cap
2026-08-27T10:06:45Z,power-saver,one-core,37,43.2,7.80,1842.93,3769.46,419.42,3801.00,NA,1.69,0,policy-cap
2026-08-27T10:06:47Z,power-saver,one-core,39,43.2,7.52,1685.83,3770.01,419.42,3801.00,NA,1.69,0,policy-cap
2026-08-27T10:06:50Z,power-saver,one-core,41,43.1,7.38,2203.92,3766.88,419.42,3801.00,NA,1.71,0,policy-cap
2026-08-27T10:06:52Z,power-saver,one-core,44,43.2,7.62,3127.16,3768.62,1506.46,3801.00,NA,1.71,0,policy-cap
2026-08-27T10:06:54Z,power-saver,one-core,46,43.1,7.26,2082.52,3769.21,419.42,3801.00,NA,1.73,0,policy-cap
2026-08-27T10:06:56Z,power-saver,one-core,48,43.1,7.45,1599.08,3771.20,419.42,3801.00,NA,1.73,0,policy-cap
2026-08-27T10:06:58Z,power-saver,one-core,50,43.1,7.26,1779.21,3768.09,419.42,3801.00,NA,1.73,0,policy-cap
2026-08-27T10:07:00Z,power-saver,one-core,52,43.2,7.22,1807.13,3768.62,419.42,3801.00,NA,1.76,0,policy-cap
2026-08-27T10:07:02Z,power-saver,one-core,54,43.1,7.35,1946.31,3767.94,419.42,3801.00,NA,1.76,0,policy-cap
2026-08-27T10:07:04Z,power-saver,one-core,56,43.1,7.22,1769.73,3768.09,419.42,3801.00,NA,1.78,0,policy-cap
2026-08-27T10:07:06Z,power-saver,one-core,58,43.1,7.49,1899.80,3768.13,419.42,3801.00,NA,1.78,0,policy-cap
2026-08-27T10:07:08Z,power-saver,one-core,60,43.1,7.34,1837.14,3767.86,419.42,3801.00,NA,1.78,0,policy-cap
2026-08-27T10:07:10Z,power-saver,all-core,0,41.4,4.88,2192.46,3765.05,419.42,3801.00,NA,1.71,0,policy-cap
2026-08-27T10:07:12Z,power-saver,all-core,2,40.8,9.12,2042.91,2062.59,2029.59,3801.00,NA,1.71,0,policy-cap
2026-08-27T10:07:15Z,power-saver,all-core,4,40.5,9.85,2043.64,2062.87,1964.30,3801.00,NA,3.02,0,policy-cap
2026-08-27T10:07:17Z,power-saver,all-core,7,40.5,9.97,2081.84,2101.00,1977.54,3801.00,NA,3.02,0,policy-cap
2026-08-27T10:07:19Z,power-saver,all-core,9,40.6,9.99,2065.42,2069.64,2062.89,3801.00,NA,4.22,0,policy-cap
2026-08-27T10:07:21Z,power-saver,all-core,11,40.8,9.98,1959.61,2062.89,1705.02,3801.00,NA,4.22,0,policy-cap
2026-08-27T10:07:23Z,power-saver,all-core,13,40.8,9.99,2053.30,2062.91,2046.24,3801.00,NA,4.22,0,policy-cap
2026-08-27T10:07:26Z,power-saver,all-core,15,40.9,9.98,1478.34,1913.61,1397.43,3801.00,NA,5.40,0,policy-cap
2026-08-27T10:07:28Z,power-saver,all-core,18,41.0,9.99,1997.15,2062.91,1758.27,3801.00,NA,5.40,0,policy-cap
2026-08-27T10:07:30Z,power-saver,all-core,20,41.0,9.99,2049.68,2062.95,2038.85,3801.00,NA,6.41,0,policy-cap
2026-08-27T10:07:32Z,power-saver,all-core,22,41.0,9.98,2066.35,2079.54,2046.28,3801.00,NA,6.41,0,policy-cap
2026-08-27T10:07:35Z,power-saver,all-core,24,41.1,9.99,1869.68,2079.57,1397.41,3801.00,NA,7.26,0,policy-cap
2026-08-27T10:07:37Z,power-saver,all-core,27,41.1,10.00,2045.36,2046.30,2043.79,3801.00,NA,7.26,0,policy-cap
2026-08-27T10:07:39Z,power-saver,all-core,29,41.1,9.99,2104.59,2112.82,2053.04,3801.00,NA,8.20,0,policy-cap
2026-08-27T10:07:41Z,power-saver,all-core,31,41.1,9.98,2066.61,2085.00,2062.21,3801.00,NA,8.20,0,policy-cap
2026-08-27T10:07:43Z,power-saver,all-core,33,41.1,9.98,1555.29,2045.01,1397.45,3801.00,NA,8.20,0,policy-cap
2026-08-27T10:07:46Z,power-saver,all-core,36,41.2,9.99,2062.83,2062.95,2062.71,3801.00,NA,8.99,0,policy-cap
2026-08-27T10:07:48Z,power-saver,all-core,38,41.2,9.98,2063.85,2079.55,2054.32,3801.00,NA,8.99,0,policy-cap
2026-08-27T10:07:50Z,power-saver,all-core,40,41.2,9.99,2088.16,2112.88,1979.31,3801.00,NA,9.71,0,policy-cap
2026-08-27T10:07:52Z,power-saver,all-core,42,41.4,9.99,1522.52,1782.47,1397.42,3801.00,NA,9.71,0,policy-cap
2026-08-27T10:07:55Z,power-saver,all-core,44,41.4,9.98,1522.63,1755.12,1397.45,3801.00,NA,10.69,0,policy-cap
2026-08-27T10:07:57Z,power-saver,all-core,47,41.5,9.98,1907.72,2008.56,1683.13,3801.00,NA,10.69,0,policy-cap
2026-08-27T10:07:59Z,power-saver,all-core,49,41.5,9.99,2033.49,2050.60,2029.62,3801.00,NA,11.28,0,policy-cap
2026-08-27T10:08:01Z,power-saver,all-core,51,41.5,10.00,1589.57,1952.78,1397.40,3801.00,NA,11.28,0,policy-cap
2026-08-27T10:08:04Z,power-saver,all-core,53,41.5,9.99,2012.93,2014.77,2000.60,3801.00,NA,12.14,0,policy-cap
2026-08-27T10:08:06Z,power-saver,all-core,56,41.5,9.98,1622.43,1855.98,1397.43,3801.00,NA,12.14,0,policy-cap
2026-08-27T10:08:08Z,power-saver,all-core,58,41.5,9.98,2007.58,2112.82,1589.92,3801.00,NA,12.14,0,policy-cap
2026-08-27T10:08:10Z,power-saver,all-core,60,41.5,9.99,2021.09,2046.28,2012.99,3801.00,NA,12.61,0,policy-cap
2026-08-27T10:08:12Z,power-saver,all-core,62,41.6,9.99,1997.04,2046.30,1654.56,3801.00,NA,12.61,0,policy-cap
2026-08-27T10:08:15Z,power-saver,all-core,65,41.6,9.98,1424.34,1512.45,1397.44,3801.00,NA,13.20,0,policy-cap
2026-08-27T10:08:17Z,power-saver,all-core,67,41.6,9.99,1458.17,1976.62,1395.95,3801.00,NA,13.20,0,policy-cap
2026-08-27T10:08:19Z,power-saver,all-core,69,41.8,9.98,2082.48,2112.83,1990.37,3801.00,NA,13.66,0,policy-cap
2026-08-27T10:08:21Z,power-saver,all-core,71,41.8,9.98,2060.14,2062.93,2023.41,3801.00,NA,13.66,0,policy-cap
2026-08-27T10:08:24Z,power-saver,all-core,73,41.8,9.98,1424.89,1617.04,1397.43,3801.00,NA,14.09,0,policy-cap
2026-08-27T10:08:26Z,power-saver,all-core,76,41.8,9.99,1423.68,1818.47,1396.10,3801.00,NA,14.09,0,policy-cap
2026-08-27T10:08:28Z,power-saver,all-core,78,41.8,10.00,1882.73,2029.84,1597.08,3801.00,NA,14.09,0,policy-cap
2026-08-27T10:08:30Z,power-saver,all-core,80,41.9,9.98,1939.32,2029.64,1627.68,3801.00,NA,14.40,0,policy-cap
2026-08-27T10:08:32Z,power-saver,all-core,82,41.8,9.99,1388.60,2046.28,544.44,3801.00,NA,14.40,0,policy-cap
2026-08-27T10:08:35Z,power-saver,all-core,85,41.9,9.99,2062.28,2062.94,2053.04,3801.00,NA,14.61,0,policy-cap
2026-08-27T10:08:37Z,power-saver,all-core,87,41.9,9.99,1516.62,1778.88,1397.28,3801.00,NA,14.61,0,policy-cap
2026-08-27T10:08:39Z,power-saver,all-core,89,41.9,9.98,2072.02,2079.54,2062.88,3801.00,NA,14.80,0,policy-cap
2026-08-27T10:08:41Z,power-saver,all-core,91,42.0,9.99,1536.01,1819.90,1397.43,3801.00,NA,14.80,0,policy-cap
2026-08-27T10:08:44Z,power-saver,all-core,93,42.0,9.99,2066.82,2079.57,2062.88,3801.00,NA,15.14,0,policy-cap
2026-08-27T10:08:46Z,power-saver,all-core,96,42.0,9.99,2048.19,2062.93,2036.18,3801.00,NA,15.14,0,policy-cap
2026-08-27T10:08:48Z,power-saver,all-core,98,42.0,9.99,1412.77,1506.57,1397.42,3801.00,NA,15.14,0,policy-cap
2026-08-27T10:08:50Z,power-saver,all-core,100,42.0,9.98,1483.19,1740.52,1397.27,3801.00,NA,15.37,0,policy-cap
2026-08-27T10:08:53Z,power-saver,all-core,102,42.0,9.99,1686.28,1916.14,1397.46,3801.00,NA,15.37,0,policy-cap
2026-08-27T10:08:55Z,power-saver,all-core,105,42.0,9.99,2074.08,2079.58,2056.83,3801.00,NA,16.30,0,policy-cap
2026-08-27T10:08:57Z,power-saver,all-core,107,42.0,9.98,1610.48,2051.97,1397.43,3801.00,NA,16.30,0,policy-cap
2026-08-27T10:08:59Z,power-saver,all-core,109,42.0,9.99,2051.99,2062.94,2037.94,3801.00,NA,16.68,0,policy-cap
2026-08-27T10:09:01Z,power-saver,all-core,111,42.0,9.99,2030.27,2089.35,1748.11,3801.00,NA,16.68,0,policy-cap
2026-08-27T10:09:04Z,power-saver,all-core,113,42.0,9.98,1932.91,2025.14,1725.45,3801.00,NA,17.74,0,policy-cap
2026-08-27T10:09:06Z,power-saver,all-core,116,42.0,9.99,2036.05,2079.56,1929.91,3801.00,NA,17.74,0,policy-cap
2026-08-27T10:09:08Z,power-saver,all-core,118,42.0,9.99,2017.45,2046.27,1918.74,3801.00,NA,17.74,0,policy-cap
2026-08-27T10:09:10Z,power-saver,all-core,120,42.0,9.99,1500.52,1775.28,1397.43,3801.00,NA,17.68,0,policy-cap
2026-08-27T10:09:13Z,power-saver,all-core,122,42.0,10.01,2062.78,2079.55,1988.62,3801.00,NA,17.68,0,policy-cap
2026-08-27T10:09:15Z,power-saver,all-core,125,42.0,9.98,2040.78,2062.93,2012.98,3801.00,NA,17.79,0,policy-cap
2026-08-27T10:09:17Z,power-saver,all-core,127,42.0,10.00,1717.95,1934.93,1397.45,3801.00,NA,17.79,0,policy-cap
2026-08-27T10:09:19Z,power-saver,all-core,129,42.0,9.99,1938.49,2072.42,1502.29,3801.00,NA,17.73,0,policy-cap
2026-08-27T10:09:22Z,power-saver,all-core,131,42.0,10.01,1860.49,1989.85,1397.45,3801.00,NA,17.73,0,policy-cap
2026-08-27T10:09:24Z,power-saver,all-core,134,42.0,9.99,2062.90,2079.57,2044.39,3801.00,NA,17.67,0,policy-cap
2026-08-27T10:09:26Z,power-saver,all-core,136,42.1,9.99,1497.87,1687.10,1397.29,3801.00,NA,17.67,0,policy-cap
2026-08-27T10:09:28Z,power-saver,all-core,138,42.1,9.98,1833.93,2061.23,1450.54,3801.00,NA,17.67,0,policy-cap
2026-08-27T10:09:30Z,power-saver,all-core,140,42.1,9.99,2096.17,2096.21,2096.11,3801.00,NA,17.77,0,policy-cap
2026-08-27T10:09:33Z,power-saver,all-core,142,42.1,9.98,2063.14,2066.43,2062.90,3801.00,NA,17.77,0,policy-cap
2026-08-27T10:09:35Z,power-saver,all-core,145,42.1,9.99,1538.12,2062.91,544.46,3801.00,NA,17.79,0,policy-cap
2026-08-27T10:09:37Z,power-saver,all-core,147,42.1,9.99,1992.92,2013.01,1966.49,3801.00,NA,17.79,0,policy-cap
2026-08-27T10:09:39Z,power-saver,all-core,149,42.1,10.00,2015.92,2029.62,2012.36,3801.00,NA,18.13,0,policy-cap
2026-08-27T10:09:42Z,power-saver,all-core,151,42.1,9.98,1592.06,1713.51,1397.44,3801.00,NA,18.13,0,policy-cap
2026-08-27T10:09:44Z,power-saver,all-core,154,42.1,10.00,1977.10,2057.27,1742.83,3801.00,NA,18.12,0,policy-cap
2026-08-27T10:09:46Z,power-saver,all-core,156,42.1,9.99,1988.27,2096.18,1831.68,3801.00,NA,18.12,0,policy-cap
2026-08-27T10:09:48Z,power-saver,all-core,158,42.1,9.99,2054.54,2062.96,2046.24,3801.00,NA,18.12,0,policy-cap
2026-08-27T10:09:51Z,power-saver,all-core,160,42.1,9.99,2040.26,2079.53,1888.25,3801.00,NA,18.35,0,policy-cap
2026-08-27T10:09:53Z,power-saver,all-core,163,42.1,9.98,2087.14,2096.18,2079.54,3801.00,NA,18.35,0,policy-cap
2026-08-27T10:09:55Z,power-saver,all-core,165,42.1,9.99,1646.23,2028.58,1397.44,3801.00,NA,18.24,0,policy-cap
2026-08-27T10:09:57Z,power-saver,all-core,167,42.1,9.99,2037.52,2046.29,2026.39,3801.00,NA,18.24,0,policy-cap
2026-08-27T10:09:59Z,power-saver,all-core,169,42.1,9.99,1624.55,2045.28,1397.42,3801.00,NA,18.38,0,policy-cap
2026-08-27T10:10:02Z,power-saver,all-core,171,42.1,9.99,1437.12,1782.48,1397.27,3801.00,NA,18.38,0,policy-cap
2026-08-27T10:10:04Z,power-saver,all-core,174,42.1,9.98,2082.11,2096.19,2062.89,3801.00,NA,18.35,0,policy-cap
2026-08-27T10:10:06Z,power-saver,all-core,176,42.1,9.99,1937.84,2067.28,1668.77,3801.00,NA,18.35,0,policy-cap
2026-08-27T10:10:08Z,power-saver,all-core,178,42.1,10.01,1831.48,2096.19,1573.24,3801.00,NA,18.35,0,policy-cap
2026-08-27T10:10:11Z,power-saver,all-core,180,42.2,9.99,2073.75,2083.42,2032.71,3801.00,NA,18.40,0,policy-cap
2026-08-27T10:10:13Z,power-saver,all-core,183,42.4,9.99,2078.46,2079.59,2065.06,3801.00,NA,18.40,0,policy-cap
2026-08-27T10:10:15Z,power-saver,all-core,185,42.4,9.98,2019.94,2096.20,1741.04,3801.00,NA,18.29,0,policy-cap
2026-08-27T10:10:17Z,power-saver,all-core,187,42.2,9.99,1601.59,1782.50,1397.28,3801.00,NA,18.29,0,policy-cap
2026-08-27T10:10:19Z,power-saver,all-core,189,42.2,9.99,2055.53,2062.96,2001.99,3801.00,NA,18.19,0,policy-cap
2026-08-27T10:10:22Z,power-saver,all-core,192,42.4,9.99,2077.26,2079.55,2055.82,3801.00,NA,18.19,0,policy-cap
2026-08-27T10:10:24Z,power-saver,all-core,194,42.4,9.98,2059.68,2062.92,2044.48,3801.00,NA,18.09,0,policy-cap
2026-08-27T10:10:26Z,power-saver,all-core,196,42.4,9.99,2064.56,2079.57,2046.29,3801.00,NA,18.09,0,policy-cap
2026-08-27T10:10:28Z,power-saver,all-core,198,42.4,10.00,1583.56,1783.08,1397.43,3801.00,NA,18.09,0,policy-cap
2026-08-27T10:10:31Z,power-saver,all-core,200,42.2,9.99,2076.71,2079.57,2062.48,3801.00,NA,18.08,0,policy-cap
2026-08-27T10:10:33Z,power-saver,all-core,203,42.2,9.99,2082.99,2096.18,2072.09,3801.00,NA,18.08,0,policy-cap
2026-08-27T10:10:35Z,power-saver,all-core,205,42.2,9.99,1437.08,1555.13,1393.61,3801.00,NA,18.32,0,policy-cap
2026-08-27T10:10:37Z,power-saver,all-core,207,42.2,9.98,2058.75,2062.93,2039.01,3801.00,NA,18.32,0,policy-cap
2026-08-27T10:10:39Z,power-saver,all-core,209,42.2,9.98,2071.00,2096.20,2007.01,3801.00,NA,18.21,0,policy-cap
2026-08-27T10:10:42Z,power-saver,all-core,211,42.2,9.98,2082.43,2096.20,2079.51,3801.00,NA,18.21,0,policy-cap
2026-08-27T10:10:44Z,power-saver,all-core,214,42.1,9.98,1732.35,1890.92,1397.46,3801.00,NA,18.20,0,policy-cap
2026-08-27T10:10:46Z,power-saver,all-core,216,42.1,10.00,1422.15,1529.34,1397.28,3801.00,NA,18.20,0,policy-cap
2026-08-27T10:10:48Z,power-saver,all-core,218,42.1,9.99,1902.95,2026.31,1584.59,3801.00,NA,18.20,0,policy-cap
2026-08-27T10:10:51Z,power-saver,all-core,220,42.1,9.99,1937.45,2079.55,1710.25,3801.00,NA,18.34,0,policy-cap
2026-08-27T10:10:53Z,power-saver,all-core,223,42.1,9.98,2078.50,2079.57,2062.90,3801.00,NA,18.34,0,policy-cap
2026-08-27T10:10:55Z,power-saver,all-core,225,42.2,9.99,1567.98,1782.46,1397.44,3801.00,NA,18.31,0,policy-cap
2026-08-27T10:10:57Z,power-saver,all-core,227,42.2,10.00,1530.30,1822.61,1397.44,3801.00,NA,18.31,0,policy-cap
2026-08-27T10:10:59Z,power-saver,all-core,229,42.4,9.99,2065.29,2096.20,2054.70,3801.00,NA,18.29,0,policy-cap
2026-08-27T10:11:02Z,power-saver,all-core,232,42.2,9.99,1544.93,1868.03,1397.44,3801.00,NA,18.29,0,policy-cap
2026-08-27T10:11:04Z,power-saver,all-core,234,42.2,10.00,2081.35,2096.19,2071.34,3801.00,NA,18.26,0,policy-cap
2026-08-27T10:11:06Z,power-saver,all-core,236,42.4,9.99,2087.19,2096.22,2039.29,3801.00,NA,18.26,0,policy-cap
2026-08-27T10:11:08Z,power-saver,all-core,238,42.4,10.01,1407.42,1437.48,1397.43,3801.00,NA,18.26,0,policy-cap
2026-08-27T10:11:11Z,power-saver,all-core,240,42.2,9.98,2082.96,2102.99,2077.07,3801.00,NA,18.16,0,policy-cap
2026-08-27T10:11:13Z,power-saver,all-core,243,42.4,9.98,2053.98,2096.21,1919.28,3801.00,NA,18.16,0,policy-cap
2026-08-27T10:11:15Z,power-saver,all-core,245,42.2,10.00,2063.43,2079.56,2057.21,3801.00,NA,18.23,0,policy-cap
2026-08-27T10:11:17Z,power-saver,all-core,247,42.4,9.98,1534.03,1834.55,1397.43,3801.00,NA,18.23,0,policy-cap
2026-08-27T10:11:19Z,power-saver,all-core,249,42.4,9.99,2081.39,2096.17,2071.13,3801.00,NA,18.29,0,policy-cap
2026-08-27T10:11:22Z,power-saver,all-core,252,42.4,10.00,1487.25,1867.99,1397.43,3801.00,NA,18.29,0,policy-cap
2026-08-27T10:11:24Z,power-saver,all-core,254,42.4,9.98,1924.39,2064.78,1736.37,3801.00,NA,18.19,0,policy-cap
2026-08-27T10:11:26Z,power-saver,all-core,256,42.4,10.00,2024.74,2046.29,2011.50,3801.00,NA,18.19,0,policy-cap
2026-08-27T10:11:28Z,power-saver,all-core,258,42.4,9.98,1440.62,1570.24,1397.43,3801.00,NA,18.19,0,policy-cap
2026-08-27T10:11:31Z,power-saver,all-core,260,42.4,9.99,1992.78,2068.03,1716.68,3801.00,NA,18.33,0,policy-cap
2026-08-27T10:11:33Z,power-saver,all-core,263,42.4,9.99,1516.89,1695.64,1397.44,3801.00,NA,18.33,0,policy-cap
2026-08-27T10:11:35Z,power-saver,all-core,265,42.4,10.00,1465.92,1879.76,1397.43,3801.00,NA,18.31,0,policy-cap
2026-08-27T10:11:37Z,power-saver,all-core,267,42.4,9.99,1882.62,2029.89,1784.49,3801.00,NA,18.31,0,policy-cap
2026-08-27T10:11:39Z,power-saver,all-core,269,42.4,9.99,1407.41,1429.55,1397.45,3801.00,NA,18.28,0,policy-cap
2026-08-27T10:11:42Z,power-saver,all-core,272,42.4,9.99,1946.01,2048.54,1765.34,3801.00,NA,18.28,0,policy-cap
2026-08-27T10:11:44Z,power-saver,all-core,274,42.4,9.99,2079.87,2084.74,2079.52,3801.00,NA,18.26,0,policy-cap
2026-08-27T10:11:46Z,power-saver,all-core,276,42.2,9.99,1641.62,1880.00,1397.45,3801.00,NA,18.26,0,policy-cap
2026-08-27T10:11:48Z,power-saver,all-core,278,42.4,9.99,1848.60,1990.35,1773.40,3801.00,NA,18.26,0,policy-cap
2026-08-27T10:11:51Z,power-saver,all-core,280,42.2,9.99,2023.50,2079.55,1725.41,3801.00,NA,18.40,0,policy-cap
2026-08-27T10:11:53Z,power-saver,all-core,283,42.2,9.98,1722.50,2092.36,1397.43,3801.00,NA,18.40,0,policy-cap
2026-08-27T10:11:55Z,power-saver,all-core,285,42.4,9.98,1821.32,2096.20,1714.96,3801.00,NA,18.37,0,policy-cap
2026-08-27T10:11:57Z,power-saver,all-core,287,42.4,9.99,1637.01,1786.03,1397.48,3801.00,NA,18.37,0,policy-cap
2026-08-27T10:12:00Z,power-saver,all-core,289,42.4,9.99,1906.46,2062.94,1742.85,3801.00,NA,18.66,0,policy-cap
2026-08-27T10:12:02Z,power-saver,all-core,292,42.4,10.00,2054.70,2062.95,2010.13,3801.00,NA,18.66,0,policy-cap
2026-08-27T10:12:04Z,power-saver,all-core,294,42.4,9.99,2078.58,2080.26,2063.64,3801.00,NA,18.69,0,policy-cap
2026-08-27T10:12:06Z,power-saver,all-core,296,42.4,10.00,1398.69,1417.33,1397.43,3801.00,NA,18.69,0,policy-cap
2026-08-27T10:12:08Z,power-saver,all-core,298,42.4,10.00,2046.26,2046.29,2046.23,3801.00,NA,18.69,0,policy-cap
2026-08-27T10:12:11Z,power-saver,all-core,300,42.4,10.00,1981.32,2062.91,1721.35,3801.00,NA,18.63,0,policy-cap
2026-08-27T10:12:13Z,power-saver,all-core,303,42.4,9.99,2030.86,2046.25,2025.65,3801.00,NA,18.63,0,policy-cap
2026-08-27T10:12:15Z,power-saver,all-core,305,42.4,10.00,1864.33,2029.64,1397.43,3801.00,NA,18.50,0,policy-cap
2026-08-27T10:12:17Z,power-saver,all-core,307,42.5,9.98,2051.54,2062.93,2046.24,3801.00,NA,18.50,0,policy-cap
2026-08-27T10:12:20Z,power-saver,all-core,309,42.4,9.99,2056.25,2096.19,2043.62,3801.00,NA,18.38,0,policy-cap
2026-08-27T10:12:22Z,power-saver,all-core,312,42.4,9.99,1875.64,2027.21,1397.49,3801.00,NA,18.38,0,policy-cap
2026-08-27T10:12:24Z,power-saver,all-core,314,42.4,9.98,2108.41,2114.10,2096.16,3801.00,NA,18.27,0,policy-cap
2026-08-27T10:12:26Z,power-saver,all-core,316,42.4,9.98,1754.18,1992.95,1397.49,3801.00,NA,18.27,0,policy-cap
2026-08-27T10:12:28Z,power-saver,all-core,318,42.4,9.99,1702.65,2062.85,1397.45,3801.00,NA,18.27,0,policy-cap
2026-08-27T10:12:31Z,power-saver,all-core,321,42.2,10.00,2054.93,2112.86,1796.70,3801.00,NA,18.33,0,policy-cap
2026-08-27T10:12:33Z,power-saver,all-core,323,42.4,9.99,2045.45,2046.30,2033.23,3801.00,NA,18.33,0,policy-cap
2026-08-27T10:12:35Z,power-saver,all-core,325,42.4,9.98,2079.22,2079.54,2078.82,3801.00,NA,18.38,0,policy-cap
2026-08-27T10:12:37Z,power-saver,all-core,327,42.5,9.99,1536.64,1842.88,1397.43,3801.00,NA,18.38,0,policy-cap
2026-08-27T10:12:40Z,power-saver,all-core,329,42.5,10.00,2072.08,2079.57,2025.01,3801.00,NA,18.35,0,policy-cap
2026-08-27T10:12:42Z,power-saver,all-core,332,42.5,9.99,1818.03,2079.43,1739.93,3801.00,NA,18.35,0,policy-cap
2026-08-27T10:12:44Z,power-saver,all-core,334,42.5,9.98,1951.75,2053.69,1791.07,3801.00,NA,18.24,0,policy-cap
2026-08-27T10:12:46Z,power-saver,all-core,336,42.5,9.98,1898.60,2079.56,1716.45,3801.00,NA,18.24,0,policy-cap
2026-08-27T10:12:49Z,power-saver,all-core,338,42.5,9.98,1443.12,1755.86,1392.61,3801.00,NA,18.30,0,policy-cap
2026-08-27T10:12:51Z,power-saver,all-core,341,42.5,10.00,1938.81,2054.07,1635.39,3801.00,NA,18.30,0,policy-cap
2026-08-27T10:12:53Z,power-saver,all-core,343,42.4,9.99,2013.09,2046.27,1944.02,3801.00,NA,18.30,0,policy-cap
2026-08-27T10:12:55Z,power-saver,all-core,345,42.4,9.99,1860.20,2059.77,1637.99,3801.00,NA,18.44,0,policy-cap
2026-08-27T10:12:58Z,power-saver,all-core,347,42.5,10.00,2073.81,2085.79,2062.15,3801.00,NA,18.44,0,policy-cap
2026-08-27T10:13:00Z,power-saver,all-core,350,42.4,10.01,2091.02,2096.22,2062.91,3801.00,NA,18.32,0,policy-cap
2026-08-27T10:13:02Z,power-saver,all-core,352,42.4,9.99,2066.16,2079.56,2040.14,3801.00,NA,18.32,0,policy-cap
2026-08-27T10:13:04Z,power-saver,all-core,354,42.4,9.99,2016.01,2031.43,2003.20,3801.00,NA,18.38,0,policy-cap
2026-08-27T10:13:06Z,power-saver,all-core,356,42.5,9.99,1475.01,1855.15,1397.44,3801.00,NA,18.38,0,policy-cap
2026-08-27T10:13:09Z,power-saver,all-core,358,42.5,9.99,2027.87,2102.18,1736.65,3801.00,NA,18.51,0,policy-cap
2026-08-27T10:13:11Z,power-saver,all-core,361,42.5,10.00,1950.51,2021.36,1753.35,3801.00,NA,18.51,0,policy-cap
2026-08-27T10:13:13Z,power-saver,all-core,363,42.5,9.99,2076.96,2079.56,2062.89,3801.00,NA,18.51,0,policy-cap
2026-08-27T10:13:15Z,power-saver,all-core,365,42.5,9.99,1397.45,1397.47,1397.42,3801.00,NA,18.39,0,policy-cap
2026-08-27T10:13:18Z,power-saver,all-core,367,42.5,9.99,1437.25,1556.68,1397.43,3801.00,NA,18.39,0,policy-cap
2026-08-27T10:13:20Z,power-saver,all-core,370,42.5,9.98,1767.78,1951.35,1397.44,3801.00,NA,18.44,0,policy-cap
2026-08-27T10:13:22Z,power-saver,all-core,372,42.5,9.98,1937.97,2084.27,1397.46,3801.00,NA,18.44,0,policy-cap
2026-08-27T10:13:24Z,power-saver,all-core,374,42.5,9.98,2050.63,2079.55,2043.75,3801.00,NA,18.40,0,policy-cap
2026-08-27T10:13:26Z,power-saver,all-core,376,42.5,10.00,1580.31,1800.16,1397.45,3801.00,NA,18.40,0,policy-cap
2026-08-27T10:13:29Z,power-saver,all-core,379,42.5,9.98,1765.19,1874.58,1397.42,3801.00,NA,18.45,0,policy-cap
2026-08-27T10:13:31Z,power-saver,all-core,381,42.5,9.99,2032.30,2083.33,1836.50,3801.00,NA,18.45,0,policy-cap
2026-08-27T10:13:33Z,power-saver,all-core,383,42.5,10.01,1456.17,1584.63,1397.31,3801.00,NA,18.45,0,policy-cap
2026-08-27T10:13:35Z,power-saver,all-core,385,42.5,10.00,1720.05,2096.18,1397.46,3801.00,NA,18.49,0,policy-cap
2026-08-27T10:13:38Z,power-saver,all-core,387,42.5,9.99,1563.17,1894.12,1397.44,3801.00,NA,18.49,0,policy-cap
2026-08-27T10:13:40Z,power-saver,all-core,390,42.5,9.98,2077.66,2079.57,2056.86,3801.00,NA,18.45,0,policy-cap
2026-08-27T10:13:42Z,power-saver,all-core,392,42.5,9.99,2042.39,2062.93,2024.10,3801.00,NA,18.45,0,policy-cap
2026-08-27T10:13:44Z,power-saver,all-core,394,42.5,9.99,2060.24,2062.94,2041.49,3801.00,NA,18.42,0,policy-cap
2026-08-27T10:13:47Z,power-saver,all-core,396,42.5,10.00,1483.22,1875.56,1397.43,3801.00,NA,18.42,0,policy-cap
2026-08-27T10:13:49Z,power-saver,all-core,399,42.5,9.98,1423.75,1768.94,1397.41,3801.00,NA,18.38,0,policy-cap
2026-08-27T10:13:51Z,power-saver,all-core,401,42.5,9.99,2020.62,2046.28,2008.80,3801.00,NA,18.38,0,policy-cap
2026-08-27T10:13:53Z,power-saver,all-core,403,42.5,9.98,2031.86,2046.26,2029.61,3801.00,NA,18.38,0,policy-cap
2026-08-27T10:13:56Z,power-saver,all-core,405,42.5,10.01,2042.64,2046.30,2026.98,3801.00,NA,18.43,0,policy-cap
2026-08-27T10:13:58Z,power-saver,all-core,408,42.5,9.99,2062.91,2062.94,2062.89,3801.00,NA,18.43,0,policy-cap
2026-08-27T10:14:00Z,power-saver,all-core,410,42.5,9.98,1492.29,1790.33,1397.41,3801.00,NA,18.48,0,policy-cap
2026-08-27T10:14:02Z,power-saver,all-core,412,42.5,9.99,2043.08,2062.90,1961.74,3801.00,NA,18.48,0,policy-cap
2026-08-27T10:14:05Z,power-saver,all-core,414,42.5,9.99,2046.97,2070.69,2029.60,3801.00,NA,18.44,0,policy-cap
2026-08-27T10:14:07Z,power-saver,all-core,417,42.5,10.00,1452.04,1572.14,1397.44,3801.00,NA,18.44,0,policy-cap
2026-08-27T10:14:09Z,power-saver,all-core,419,42.5,9.98,2027.16,2096.17,1572.14,3801.00,NA,18.40,0,policy-cap
2026-08-27T10:14:11Z,power-saver,all-core,421,42.5,9.99,1900.81,2075.41,1823.80,3801.00,NA,18.40,0,policy-cap
2026-08-27T10:14:13Z,power-saver,all-core,423,42.5,9.98,2038.53,2062.94,1812.03,3801.00,NA,18.40,0,policy-cap
2026-08-27T10:14:16Z,power-saver,all-core,426,42.5,9.99,1335.08,2062.93,544.46,3801.00,NA,20.29,0,policy-cap
2026-08-27T10:14:18Z,power-saver,all-core,428,42.5,9.98,2062.90,2062.94,2062.87,3801.00,NA,20.29,0,policy-cap
2026-08-27T10:14:20Z,power-saver,all-core,430,42.5,10.00,1479.67,1552.70,1397.44,3801.00,NA,20.11,0,policy-cap
2026-08-27T10:14:22Z,power-saver,all-core,432,42.5,9.99,1533.59,1859.10,1397.43,3801.00,NA,20.11,0,policy-cap
2026-08-27T10:14:25Z,power-saver,all-core,434,42.5,10.00,2034.59,2046.29,2025.89,3801.00,NA,19.94,0,policy-cap
2026-08-27T10:14:27Z,power-saver,all-core,437,42.5,9.99,2055.30,2065.81,2029.64,3801.00,NA,19.94,0,policy-cap
2026-08-27T10:14:29Z,power-saver,all-core,439,42.5,10.00,1979.86,2024.72,1891.73,3801.00,NA,19.95,0,policy-cap
2026-08-27T10:14:31Z,power-saver,all-core,441,42.5,9.98,2054.93,2062.96,2032.00,3801.00,NA,19.95,0,policy-cap
2026-08-27T10:14:33Z,power-saver,all-core,443,42.5,9.98,2032.99,2073.44,1975.34,3801.00,NA,19.95,0,policy-cap
2026-08-27T10:14:36Z,power-saver,all-core,446,42.5,9.99,2034.35,2046.29,2025.17,3801.00,NA,19.87,0,policy-cap
2026-08-27T10:14:38Z,power-saver,all-core,448,42.5,9.99,1981.09,1996.40,1971.04,3801.00,NA,19.87,0,policy-cap
2026-08-27T10:14:40Z,power-saver,all-core,450,42.5,10.00,1986.66,2046.28,1682.56,3801.00,NA,19.72,0,policy-cap
2026-08-27T10:14:43Z,power-saver,all-core,452,42.5,10.00,1996.36,1996.39,1996.31,3801.00,NA,19.72,0,policy-cap
2026-08-27T10:14:45Z,power-saver,all-core,455,42.5,10.00,1985.82,2029.65,1764.66,3801.00,NA,19.50,0,policy-cap
2026-08-27T10:14:47Z,power-saver,all-core,457,42.5,10.00,1898.47,2049.00,1557.86,3801.00,NA,19.50,0,policy-cap
2026-08-27T10:14:49Z,power-saver,all-core,459,42.5,9.99,1979.09,2046.28,1796.54,3801.00,NA,19.54,0,policy-cap
2026-08-27T10:14:52Z,power-saver,all-core,461,42.5,10.00,1408.29,1570.80,1397.42,3801.00,NA,19.54,0,policy-cap
2026-08-27T10:14:54Z,power-saver,all-core,464,42.5,9.98,2070.51,2112.81,1967.17,3801.00,NA,19.50,0,policy-cap
2026-08-27T10:14:56Z,power-saver,all-core,466,42.5,9.99,1397.45,1397.49,1397.43,3801.00,NA,19.50,0,policy-cap
2026-08-27T10:14:58Z,power-saver,all-core,468,42.5,10.00,1679.51,1901.08,1397.43,3801.00,NA,19.50,0,policy-cap
2026-08-27T10:15:00Z,power-saver,all-core,470,42.6,9.99,2046.70,2062.92,2040.34,3801.00,NA,19.30,0,policy-cap
2026-08-27T10:15:02Z,power-saver,all-core,472,42.5,9.99,2057.97,2062.93,2042.12,3801.00,NA,19.30,0,policy-cap
2026-08-27T10:15:05Z,power-saver,all-core,475,42.5,9.99,2050.31,2063.64,1979.01,3801.00,NA,19.19,0,policy-cap
2026-08-27T10:15:07Z,power-saver,all-core,477,42.5,9.98,2006.08,2013.02,1992.85,3801.00,NA,19.19,0,policy-cap
2026-08-27T10:15:09Z,power-saver,all-core,479,42.5,9.98,1878.21,1920.04,1711.17,3801.00,NA,19.02,0,policy-cap
2026-08-27T10:15:14Z,balanced,one-core,0,42.6,7.50,2774.98,4816.08,1100.98,5137.90,NA,17.58,0,none-observed
2026-08-27T10:15:17Z,balanced,one-core,3,55.9,14.68,2221.79,4816.02,1100.98,5137.90,NA,17.58,0,none-observed
2026-08-27T10:15:19Z,balanced,one-core,5,58.8,15.98,2530.07,4816.11,1100.98,5137.90,NA,16.33,0,none-observed
2026-08-27T10:15:21Z,balanced,one-core,7,59.5,16.14,2548.15,4816.22,1100.98,5137.90,NA,16.33,0,none-observed
2026-08-27T10:15:23Z,balanced,one-core,9,59.9,16.20,2339.15,4816.18,1100.98,5137.90,NA,16.33,0,none-observed
2026-08-27T10:15:25Z,balanced,one-core,11,60.1,16.91,3664.21,4815.91,1100.98,5137.90,NA,15.18,0,none-observed
2026-08-27T10:15:27Z,balanced,one-core,13,60.4,16.48,2722.18,4815.91,1100.98,5137.90,NA,15.18,0,none-observed
2026-08-27T10:15:29Z,balanced,one-core,15,60.5,16.62,2227.58,4816.25,1100.98,5137.90,NA,14.12,0,none-observed
2026-08-27T10:15:31Z,balanced,one-core,17,60.8,16.38,2188.78,4815.38,1100.98,5137.90,NA,14.12,0,none-observed
2026-08-27T10:15:33Z,balanced,one-core,19,60.9,16.41,2245.27,4816.18,1100.98,5137.90,NA,14.12,0,none-observed
2026-08-27T10:15:35Z,balanced,one-core,21,61.1,17.09,3494.76,4813.54,1100.98,5137.90,NA,13.15,0,none-observed
2026-08-27T10:15:37Z,balanced,one-core,23,61.2,16.59,2324.49,4816.26,1100.98,5137.90,NA,13.15,0,none-observed
2026-08-27T10:15:39Z,balanced,one-core,25,61.2,16.64,3446.03,4808.15,1100.98,5137.90,NA,12.26,0,none-observed
2026-08-27T10:15:41Z,balanced,one-core,27,61.4,16.21,3015.75,4816.05,1100.98,5137.90,NA,12.26,0,none-observed
2026-08-27T10:15:43Z,balanced,one-core,29,61.5,16.18,2271.45,4814.58,1100.98,5137.90,NA,12.26,0,none-observed
2026-08-27T10:15:45Z,balanced,one-core,31,61.5,16.75,3388.94,4691.26,1100.98,5137.90,NA,11.44,0,none-observed
2026-08-27T10:15:47Z,balanced,one-core,33,61.6,16.00,2202.42,4815.37,1100.98,5137.90,NA,11.44,0,none-observed
2026-08-27T10:15:49Z,balanced,one-core,35,61.6,16.18,2148.37,4791.21,1100.98,5137.90,NA,10.68,0,none-observed
2026-08-27T10:15:51Z,balanced,one-core,37,61.8,15.80,2147.08,4815.27,1100.98,5137.90,NA,10.68,0,none-observed
2026-08-27T10:15:53Z,balanced,one-core,39,61.8,15.82,2421.85,4791.22,1100.98,5137.90,NA,10.68,0,none-observed
2026-08-27T10:15:56Z,balanced,one-core,41,61.9,16.79,3391.76,4790.67,1100.98,5137.90,NA,9.99,0,none-observed
2026-08-27T10:15:58Z,balanced,one-core,44,61.9,16.21,2169.37,4791.26,1100.98,5137.90,NA,9.99,0,none-observed
2026-08-27T10:16:00Z,balanced,one-core,46,62.1,16.36,2209.38,4791.23,1100.98,5137.90,NA,9.43,0,none-observed
2026-08-27T10:16:02Z,balanced,one-core,48,62.1,15.92,2370.24,4791.24,1100.98,5137.90,NA,9.43,0,none-observed
2026-08-27T10:16:04Z,balanced,one-core,50,62.0,15.82,2276.48,4793.34,1100.98,5137.90,NA,8.83,0,none-observed
2026-08-27T10:16:06Z,balanced,one-core,52,62.1,16.99,3260.58,4802.77,1100.98,5137.90,NA,8.83,0,none-observed
2026-08-27T10:16:08Z,balanced,one-core,54,62.2,16.00,3122.46,4795.04,1100.98,5137.90,NA,8.83,0,none-observed
2026-08-27T10:16:10Z,balanced,one-core,56,62.4,16.18,2350.36,4791.22,1100.98,5137.90,NA,8.36,0,none-observed
2026-08-27T10:16:12Z,balanced,one-core,58,62.5,15.93,2580.86,4790.78,1100.98,5137.90,NA,8.36,0,none-observed
2026-08-27T10:16:14Z,balanced,one-core,60,62.6,16.14,2523.92,4791.63,1100.98,5137.90,NA,7.85,0,none-observed
2026-08-27T10:16:18Z,balanced,all-core,0,49.9,8.07,2493.90,4841.15,1100.98,5137.90,NA,7.85,0,none-observed
2026-08-27T10:16:20Z,balanced,all-core,2,53.4,22.75,3426.84,3443.75,3405.51,5137.90,NA,8.67,0,none-observed
2026-08-27T10:16:22Z,balanced,all-core,4,53.4,23.35,3493.62,3493.67,3493.55,5137.90,NA,8.67,0,none-observed
2026-08-27T10:16:24Z,balanced,all-core,6,53.6,23.46,3421.88,3443.66,3418.72,5137.90,NA,9.33,0,none-observed
2026-08-27T10:16:27Z,balanced,all-core,9,54.1,23.43,3518.57,3518.60,3518.54,5137.90,NA,9.33,0,none-observed
2026-08-27T10:16:29Z,balanced,all-core,11,54.4,23.43,3442.56,3443.76,3439.11,5137.90,NA,10.27,0,none-observed
2026-08-27T10:16:31Z,balanced,all-core,13,54.5,23.40,3476.82,3493.71,3437.04,5137.90,NA,10.27,0,none-observed
2026-08-27T10:16:33Z,balanced,all-core,15,54.9,23.39,3403.58,3468.33,3393.80,5137.90,NA,10.27,0,none-observed
2026-08-27T10:16:35Z,balanced,all-core,17,55.1,23.38,3406.30,3418.81,3393.76,5137.90,NA,11.05,0,none-observed
2026-08-27T10:16:37Z,balanced,all-core,19,55.2,23.38,3381.18,3393.83,3371.31,5137.90,NA,11.05,0,none-observed
2026-08-27T10:16:40Z,balanced,all-core,21,55.5,23.34,3452.75,3468.70,3433.61,5137.90,NA,11.61,0,none-observed
2026-08-27T10:16:42Z,balanced,all-core,24,55.8,23.32,3381.24,3393.83,3368.12,5137.90,NA,11.61,0,none-observed
2026-08-27T10:16:44Z,balanced,all-core,26,55.8,23.33,3410.74,3424.59,3389.61,5137.90,NA,12.04,0,none-observed
2026-08-27T10:16:46Z,balanced,all-core,28,55.9,23.31,3362.59,3393.75,3337.55,5137.90,NA,12.04,0,none-observed
2026-08-27T10:16:48Z,balanced,all-core,30,56.1,23.29,3358.65,3368.83,3337.38,5137.90,NA,12.04,0,none-observed
2026-08-27T10:16:50Z,balanced,all-core,32,56.2,23.31,3393.80,3393.84,3393.77,5137.90,NA,12.43,0,none-observed
2026-08-27T10:16:52Z,balanced,all-core,34,56.5,23.28,3493.62,3493.67,3493.56,5137.90,NA,12.43,0,none-observed
2026-08-27T10:16:55Z,balanced,all-core,36,56.6,23.29,3493.65,3493.70,3493.61,5137.90,NA,12.88,0,none-observed
2026-08-27T10:16:57Z,balanced,all-core,39,56.6,23.28,3334.11,3393.73,3318.89,5137.90,NA,12.88,0,none-observed
2026-08-27T10:16:59Z,balanced,all-core,41,56.9,23.23,3465.54,3493.62,3443.68,5137.90,NA,13.37,0,none-observed
2026-08-27T10:17:01Z,balanced,all-core,43,56.5,23.21,3421.62,3443.03,3418.74,5137.90,NA,13.37,0,none-observed
2026-08-27T10:17:03Z,balanced,all-core,45,56.6,23.19,3353.76,3368.89,3330.52,5137.90,NA,13.37,0,none-observed
2026-08-27T10:17:05Z,balanced,all-core,47,56.9,23.16,3469.21,3493.59,3454.59,5137.90,NA,13.98,0,none-observed
2026-08-27T10:17:08Z,balanced,all-core,49,57.0,23.15,3447.62,3468.63,3421.71,5137.90,NA,13.98,0,none-observed
2026-08-27T10:17:10Z,balanced,all-core,52,57.1,23.13,3332.47,3343.92,3318.60,5137.90,NA,14.30,0,none-observed
2026-08-27T10:17:12Z,balanced,all-core,54,57.1,23.13,3443.70,3443.73,3443.66,5137.90,NA,14.30,0,none-observed
2026-08-27T10:17:14Z,balanced,all-core,56,57.2,23.11,3368.41,3442.83,3315.77,5137.90,NA,14.52,0,none-observed
2026-08-27T10:17:16Z,balanced,all-core,58,57.4,23.09,3476.00,3493.63,3440.33,5137.90,NA,14.52,0,none-observed
2026-08-27T10:17:18Z,balanced,all-core,60,57.5,23.09,3468.66,3468.71,3468.61,5137.90,NA,14.52,0,none-observed
2026-08-27T10:17:21Z,balanced,all-core,62,57.5,23.06,3463.35,3468.70,3426.20,5137.90,NA,14.72,0,none-observed
2026-08-27T10:17:23Z,balanced,all-core,65,57.5,23.03,3447.25,3468.70,3397.49,5137.90,NA,14.72,0,none-observed
2026-08-27T10:17:25Z,balanced,all-core,67,57.6,23.02,3429.21,3443.75,3416.90,5137.90,NA,14.98,0,none-observed
2026-08-27T10:17:27Z,balanced,all-core,69,57.6,22.97,3380.68,3393.88,3366.18,5137.90,NA,14.98,0,none-observed
2026-08-27T10:17:29Z,balanced,all-core,71,57.8,22.96,3443.71,3443.74,3443.68,5137.90,NA,15.22,0,none-observed
2026-08-27T10:17:31Z,balanced,all-core,73,57.8,22.96,3356.41,3371.88,3332.10,5137.90,NA,15.22,0,none-observed
2026-08-27T10:17:33Z,balanced,all-core,75,57.8,22.94,3406.30,3418.79,3393.81,5137.90,NA,15.22,0,none-observed
2026-08-27T10:17:36Z,balanced,all-core,77,57.9,22.90,3415.79,3427.06,3411.74,5137.90,NA,15.45,0,none-observed
2026-08-27T10:17:38Z,balanced,all-core,80,57.9,22.89,3458.99,3467.94,3450.08,5137.90,NA,15.45,0,none-observed
2026-08-27T10:17:40Z,balanced,all-core,82,57.9,22.90,3412.20,3418.82,3398.07,5137.90,NA,15.65,0,none-observed
2026-08-27T10:17:42Z,balanced,all-core,84,57.9,22.88,3254.10,3268.98,3241.42,5137.90,NA,15.65,0,none-observed
2026-08-27T10:17:44Z,balanced,all-core,86,58.0,22.85,3429.66,3443.73,3418.71,5137.90,NA,15.84,0,none-observed
2026-08-27T10:17:47Z,balanced,all-core,88,57.9,22.84,3397.56,3401.36,3393.79,5137.90,NA,15.84,0,none-observed
2026-08-27T10:17:49Z,balanced,all-core,91,58.0,22.87,3341.39,3343.94,3332.47,5137.90,NA,16.01,0,none-observed
2026-08-27T10:17:51Z,balanced,all-core,93,58.0,22.84,3298.34,3318.97,3282.29,5137.90,NA,16.01,0,none-observed
2026-08-27T10:17:53Z,balanced,all-core,95,58.0,22.80,3418.61,3418.82,3418.13,5137.90,NA,16.01,0,none-observed
2026-08-27T10:17:55Z,balanced,all-core,97,58.0,22.80,3357.25,3368.90,3343.88,5137.90,NA,16.17,0,none-observed
2026-08-27T10:17:57Z,balanced,all-core,99,58.1,22.79,3268.72,3293.95,3265.97,5137.90,NA,16.17,0,none-observed
2026-08-27T10:18:00Z,balanced,all-core,101,58.1,22.74,3419.74,3443.75,3395.51,5137.90,NA,16.24,0,none-observed
2026-08-27T10:18:02Z,balanced,all-core,104,58.2,22.73,3393.81,3393.86,3393.79,5137.90,NA,16.24,0,none-observed
2026-08-27T10:18:04Z,balanced,all-core,106,58.2,22.71,3298.13,3319.43,3259.74,5137.90,NA,16.46,0,none-observed
2026-08-27T10:18:06Z,balanced,all-core,108,58.2,22.70,3365.20,3368.92,3351.72,5137.90,NA,16.46,0,none-observed
2026-08-27T10:18:08Z,balanced,all-core,110,58.2,22.71,3288.40,3294.06,3280.05,5137.90,NA,16.46,0,none-observed
2026-08-27T10:18:10Z,balanced,all-core,112,58.2,22.68,3391.45,3393.80,3375.40,5137.90,NA,16.58,0,none-observed
2026-08-27T10:18:13Z,balanced,all-core,114,58.4,22.68,3391.30,3393.84,3390.11,5137.90,NA,16.58,0,none-observed
2026-08-27T10:18:15Z,balanced,all-core,117,58.4,22.66,3350.13,3368.82,3328.10,5137.90,NA,16.70,0,none-observed
2026-08-27T10:18:17Z,balanced,all-core,119,58.4,22.67,3404.49,3418.70,3393.12,5137.90,NA,16.70,0,none-observed
2026-08-27T10:18:19Z,balanced,all-core,121,58.4,22.65,3372.64,3418.78,3309.16,5137.90,NA,16.72,0,none-observed
2026-08-27T10:18:21Z,balanced,all-core,123,58.4,22.61,3443.74,3443.77,3443.69,5137.90,NA,16.72,0,none-observed
2026-08-27T10:18:23Z,balanced,all-core,125,58.5,22.59,3350.92,3442.77,3318.92,5137.90,NA,16.72,0,none-observed
2026-08-27T10:18:26Z,balanced,all-core,127,58.4,22.59,3443.73,3443.78,3443.68,5137.90,NA,16.82,0,none-observed
2026-08-27T10:18:28Z,balanced,all-core,130,58.4,22.56,3297.99,3332.83,3293.92,5137.90,NA,16.82,0,none-observed
2026-08-27T10:18:30Z,balanced,all-core,132,58.5,22.54,3318.17,3325.37,3312.84,5137.90,NA,17.32,0,none-observed
2026-08-27T10:18:32Z,balanced,all-core,134,58.5,22.53,3254.21,3269.08,3231.38,5137.90,NA,17.32,0,none-observed
2026-08-27T10:18:34Z,balanced,all-core,136,58.5,22.50,3358.18,3374.00,3296.61,5137.90,NA,17.37,0,none-observed
2026-08-27T10:18:36Z,balanced,all-core,138,58.5,22.47,3443.72,3443.78,3443.67,5137.90,NA,17.37,0,none-observed
2026-08-27T10:18:39Z,balanced,all-core,140,58.5,22.45,3311.54,3318.96,3299.07,5137.90,NA,17.37,0,none-observed
2026-08-27T10:18:41Z,balanced,all-core,143,58.4,22.43,3296.18,3301.47,3293.95,5137.90,NA,17.58,0,none-observed
2026-08-27T10:18:43Z,balanced,all-core,145,58.4,22.44,3357.83,3368.87,3343.92,5137.90,NA,17.58,0,none-observed
2026-08-27T10:18:45Z,balanced,all-core,147,58.5,22.41,3443.72,3443.75,3443.69,5137.90,NA,17.86,0,none-observed
2026-08-27T10:18:47Z,balanced,all-core,149,58.5,22.42,3315.23,3318.97,3310.43,5137.90,NA,17.86,0,none-observed
2026-08-27T10:18:49Z,balanced,all-core,151,58.5,22.42,3347.67,3368.44,3343.83,5137.90,NA,17.87,0,none-observed
2026-08-27T10:18:52Z,balanced,all-core,153,58.6,22.38,3353.35,3368.62,3343.89,5137.90,NA,17.87,0,none-observed
2026-08-27T10:18:54Z,balanced,all-core,156,58.5,22.39,3300.15,3343.50,3293.89,5137.90,NA,18.04,0,none-observed
2026-08-27T10:18:56Z,balanced,all-core,158,58.5,22.37,3280.97,3297.10,3258.74,5137.90,NA,18.04,0,none-observed
2026-08-27T10:18:58Z,balanced,all-core,160,58.5,22.38,3263.74,3318.71,3244.43,5137.90,NA,18.04,0,none-observed
2026-08-27T10:19:00Z,balanced,all-core,162,58.5,22.34,3443.73,3443.76,3443.69,5137.90,NA,17.96,0,none-observed
2026-08-27T10:19:02Z,balanced,all-core,164,58.4,22.32,3348.14,3350.10,3343.87,5137.90,NA,17.96,0,none-observed
2026-08-27T10:19:04Z,balanced,all-core,166,58.4,22.31,3393.79,3393.82,3393.77,5137.90,NA,17.96,0,none-observed
2026-08-27T10:19:07Z,balanced,all-core,169,58.4,22.29,3394.84,3418.80,3390.43,5137.90,NA,17.96,0,none-observed
2026-08-27T10:19:09Z,balanced,all-core,171,58.4,22.28,3358.79,3368.87,3343.88,5137.90,NA,18.04,0,none-observed
2026-08-27T10:19:11Z,balanced,all-core,173,58.2,22.28,3360.73,3368.89,3336.34,5137.90,NA,18.04,0,none-observed
2026-08-27T10:19:13Z,balanced,all-core,175,58.1,22.26,3418.55,3418.80,3418.05,5137.90,NA,18.04,0,none-observed
2026-08-27T10:19:15Z,balanced,all-core,177,58.0,22.23,3205.74,3269.05,3194.15,5137.90,NA,17.96,0,none-observed
2026-08-27T10:19:17Z,balanced,all-core,179,58.0,22.26,3310.39,3318.77,3284.74,5137.90,NA,17.96,0,none-observed
2026-08-27T10:19:20Z,balanced,all-core,181,57.9,22.23,3261.78,3310.75,3243.99,5137.90,NA,18.04,0,none-observed
2026-08-27T10:19:22Z,balanced,all-core,184,57.9,22.20,3418.76,3418.82,3418.73,5137.90,NA,18.04,0,none-observed
2026-08-27T10:19:24Z,balanced,all-core,186,57.9,22.19,3334.62,3343.94,3322.72,5137.90,NA,18.12,0,none-observed
2026-08-27T10:19:26Z,balanced,all-core,188,57.9,22.19,3267.88,3293.55,3244.04,5137.90,NA,18.12,0,none-observed
2026-08-27T10:19:28Z,balanced,all-core,190,57.8,22.15,3393.79,3393.82,3393.74,5137.90,NA,18.12,0,none-observed
2026-08-27T10:19:30Z,balanced,all-core,192,57.8,22.14,3418.76,3418.82,3418.70,5137.90,NA,18.19,0,none-observed
2026-08-27T10:19:32Z,balanced,all-core,194,57.6,22.13,3332.81,3343.94,3318.92,5137.90,NA,18.19,0,none-observed
2026-08-27T10:19:35Z,balanced,all-core,197,57.6,22.11,3283.09,3294.05,3268.99,5137.90,NA,18.18,0,none-observed
2026-08-27T10:19:37Z,balanced,all-core,199,57.6,22.12,3291.44,3294.01,3280.36,5137.90,NA,18.18,0,none-observed
2026-08-27T10:19:39Z,balanced,all-core,201,57.8,22.12,3331.43,3343.94,3318.94,5137.90,NA,18.24,0,none-observed
2026-08-27T10:19:41Z,balanced,all-core,203,57.6,22.11,3294.01,3294.05,3293.98,5137.90,NA,18.24,0,none-observed
2026-08-27T10:19:43Z,balanced,all-core,205,57.5,22.08,3366.00,3368.87,3353.67,5137.90,NA,18.24,0,none-observed
2026-08-27T10:19:45Z,balanced,all-core,207,57.5,22.07,3237.57,3269.05,3211.82,5137.90,NA,18.14,0,none-observed
2026-08-27T10:19:48Z,balanced,all-core,210,57.5,22.03,3364.06,3393.84,3338.96,5137.90,NA,18.14,0,none-observed
2026-08-27T10:19:50Z,balanced,all-core,212,57.4,22.04,3293.91,3297.58,3292.01,5137.90,NA,18.13,0,none-observed
2026-08-27T10:19:52Z,balanced,all-core,214,57.2,22.02,3233.43,3269.03,3205.01,5137.90,NA,18.13,0,none-observed
2026-08-27T10:19:54Z,balanced,all-core,216,57.2,21.99,3381.32,3393.83,3368.79,5137.90,NA,18.20,0,none-observed
2026-08-27T10:19:56Z,balanced,all-core,218,57.2,21.98,3305.83,3318.96,3290.59,5137.90,NA,18.20,0,none-observed
2026-08-27T10:19:58Z,balanced,all-core,220,57.2,21.95,3314.29,3339.58,3293.74,5137.90,NA,18.20,0,none-observed
2026-08-27T10:20:01Z,balanced,all-core,222,57.1,21.95,3343.89,3343.95,3343.81,5137.90,NA,18.27,0,none-observed
2026-08-27T10:20:03Z,balanced,all-core,225,57.1,21.95,3353.06,3368.38,3343.86,5137.90,NA,18.27,0,none-observed
2026-08-27T10:20:05Z,balanced,all-core,227,57.1,21.93,3195.53,3202.44,3194.14,5137.90,NA,18.24,0,none-observed
2026-08-27T10:20:07Z,balanced,all-core,229,57.1,21.90,3314.21,3318.98,3309.43,5137.90,NA,18.24,0,none-observed
2026-08-27T10:20:09Z,balanced,all-core,231,57.1,21.88,3286.08,3294.04,3267.91,5137.90,NA,18.30,0,none-observed
2026-08-27T10:20:11Z,balanced,all-core,233,57.1,21.89,3288.29,3300.53,3269.00,5137.90,NA,18.30,0,none-observed
2026-08-27T10:20:14Z,balanced,all-core,235,57.0,21.88,3194.18,3194.24,3194.14,5137.90,NA,18.30,0,none-observed
2026-08-27T10:20:16Z,balanced,all-core,238,57.0,21.87,3325.22,3342.25,3318.93,5137.90,NA,18.20,0,none-observed
2026-08-27T10:20:18Z,balanced,all-core,240,57.0,21.87,3220.41,3240.21,3218.97,5137.90,NA,18.20,0,none-observed
2026-08-27T10:20:20Z,balanced,all-core,242,57.1,21.83,3393.82,3393.86,3393.77,5137.90,NA,19.07,0,none-observed
2026-08-27T10:20:22Z,balanced,all-core,244,57.0,21.83,3328.95,3343.93,3309.00,5137.90,NA,19.07,0,none-observed
2026-08-27T10:20:24Z,balanced,all-core,246,57.0,21.82,3176.67,3226.48,3162.88,5137.90,NA,19.62,0,none-observed
2026-08-27T10:20:27Z,balanced,all-core,248,56.9,21.79,3334.16,3343.92,3304.92,5137.90,NA,19.62,0,none-observed
2026-08-27T10:20:29Z,balanced,all-core,251,57.0,21.81,3331.32,3343.94,3318.49,5137.90,NA,19.73,0,none-observed
2026-08-27T10:20:31Z,balanced,all-core,253,57.0,21.78,3240.04,3293.86,3205.87,5137.90,NA,19.73,0,none-observed
2026-08-27T10:20:33Z,balanced,all-core,255,56.9,21.75,3346.02,3348.19,3343.86,5137.90,NA,19.73,0,none-observed
2026-08-27T10:20:35Z,balanced,all-core,257,56.9,21.75,3333.74,3343.95,3311.31,5137.90,NA,19.75,0,none-observed
2026-08-27T10:20:37Z,balanced,all-core,259,56.9,21.75,3224.26,3268.70,3195.52,5137.90,NA,19.75,0,none-observed
2026-08-27T10:20:40Z,balanced,all-core,261,56.9,21.72,3318.96,3318.99,3318.93,5137.90,NA,19.77,0,none-observed
2026-08-27T10:20:42Z,balanced,all-core,264,57.0,21.75,3229.13,3244.11,3209.87,5137.90,NA,19.77,0,none-observed
2026-08-27T10:20:44Z,balanced,all-core,266,56.9,21.72,3313.09,3318.99,3307.20,5137.90,NA,19.63,0,none-observed
2026-08-27T10:20:46Z,balanced,all-core,268,56.9,21.68,3268.38,3293.95,3240.80,5137.90,NA,19.63,0,none-observed
2026-08-27T10:20:48Z,balanced,all-core,270,56.9,21.71,3176.85,3250.56,3166.39,5137.90,NA,19.63,0,none-observed
2026-08-27T10:20:50Z,balanced,all-core,272,56.9,21.68,3170.77,3193.81,3169.20,5137.90,NA,19.50,0,none-observed
2026-08-27T10:20:52Z,balanced,all-core,274,56.9,21.68,3318.94,3318.98,3318.90,5137.90,NA,19.50,0,none-observed
2026-08-27T10:20:55Z,balanced,all-core,276,56.9,21.67,3183.24,3244.07,3171.61,5137.90,NA,19.46,0,none-observed
2026-08-27T10:20:57Z,balanced,all-core,279,56.8,21.64,3368.66,3368.88,3368.26,5137.90,NA,19.46,0,none-observed
2026-08-27T10:20:59Z,balanced,all-core,281,56.8,21.64,3308.48,3318.93,3293.95,5137.90,NA,19.34,0,none-observed
2026-08-27T10:21:01Z,balanced,all-core,283,56.6,21.63,3196.67,3215.51,3169.17,5137.90,NA,19.34,0,none-observed
2026-08-27T10:21:03Z,balanced,all-core,285,56.6,21.61,3334.04,3343.96,3317.55,5137.90,NA,19.34,0,none-observed
2026-08-27T10:21:05Z,balanced,all-core,287,56.6,21.62,3222.86,3230.23,3219.12,5137.90,NA,19.15,0,none-observed
2026-08-27T10:21:08Z,balanced,all-core,289,56.6,21.58,3368.71,3368.89,3368.07,5137.90,NA,19.15,0,none-observed
2026-08-27T10:21:10Z,balanced,all-core,292,56.6,21.58,3295.55,3318.94,3293.95,5137.90,NA,18.98,0,none-observed
2026-08-27T10:21:12Z,balanced,all-core,294,56.6,21.56,3252.28,3279.62,3239.30,5137.90,NA,18.98,0,none-observed
2026-08-27T10:21:14Z,balanced,all-core,296,56.6,21.56,3318.93,3318.97,3318.90,5137.90,NA,18.90,0,none-observed
2026-08-27T10:21:16Z,balanced,all-core,298,56.5,21.54,3211.62,3219.14,3190.32,5137.90,NA,18.90,0,none-observed
2026-08-27T10:21:18Z,balanced,all-core,300,56.5,21.54,3193.26,3219.13,3187.96,5137.90,NA,18.90,0,none-observed
2026-08-27T10:21:20Z,balanced,all-core,302,56.5,21.53,3158.98,3176.01,3144.22,5137.90,NA,19.07,0,none-observed
2026-08-27T10:21:23Z,balanced,all-core,304,56.5,21.50,3347.76,3352.77,3343.88,5137.90,NA,19.07,0,none-observed
2026-08-27T10:21:25Z,balanced,all-core,307,56.5,21.51,3176.67,3218.18,3169.02,5137.90,NA,18.98,0,none-observed
2026-08-27T10:21:27Z,balanced,all-core,309,56.5,21.47,3280.35,3339.05,3214.91,5137.90,NA,18.98,0,none-observed
2026-08-27T10:21:29Z,balanced,all-core,311,56.5,21.49,3304.17,3318.99,3286.62,5137.90,NA,18.83,0,none-observed
2026-08-27T10:21:31Z,balanced,all-core,313,56.5,21.49,3191.68,3244.14,3145.54,5137.90,NA,18.83,0,none-observed
2026-08-27T10:21:33Z,balanced,all-core,315,56.5,21.44,3318.96,3318.99,3318.91,5137.90,NA,18.83,0,none-observed
2026-08-27T10:21:35Z,balanced,all-core,317,56.5,21.46,3218.84,3219.13,3218.59,5137.90,NA,19.08,0,none-observed
2026-08-27T10:21:38Z,balanced,all-core,320,56.5,21.43,3195.89,3221.71,3194.14,5137.90,NA,19.08,0,none-observed
2026-08-27T10:21:40Z,balanced,all-core,322,56.5,21.44,3302.47,3318.89,3269.01,5137.90,NA,18.91,0,none-observed
2026-08-27T10:21:42Z,balanced,all-core,324,56.5,21.42,3212.17,3299.96,3195.64,5137.90,NA,18.91,0,none-observed
2026-08-27T10:21:44Z,balanced,all-core,326,56.5,21.41,3295.60,3318.94,3273.91,5137.90,NA,18.84,0,none-observed
2026-08-27T10:21:46Z,balanced,all-core,328,56.5,21.39,3368.87,3368.90,3368.82,5137.90,NA,18.84,0,none-observed
2026-08-27T10:21:48Z,balanced,all-core,330,56.5,21.37,3222.37,3244.09,3208.77,5137.90,NA,18.84,0,none-observed
2026-08-27T10:21:51Z,balanced,all-core,333,56.5,21.35,3368.86,3368.89,3368.83,5137.90,NA,18.69,0,none-observed
2026-08-27T10:21:53Z,balanced,all-core,335,56.5,21.34,3210.67,3229.04,3194.13,5137.90,NA,18.69,0,none-observed
2026-08-27T10:21:55Z,balanced,all-core,337,56.5,21.33,3219.13,3219.16,3219.07,5137.90,NA,18.64,0,none-observed
2026-08-27T10:21:57Z,balanced,all-core,339,56.5,21.32,3328.08,3343.93,3300.78,5137.90,NA,18.64,0,none-observed
2026-08-27T10:21:59Z,balanced,all-core,341,56.5,21.32,3227.76,3236.45,3219.07,5137.90,NA,18.75,0,none-observed
2026-08-27T10:22:01Z,balanced,all-core,343,56.5,21.30,3343.89,3343.92,3343.86,5137.90,NA,18.75,0,none-observed
2026-08-27T10:22:04Z,balanced,all-core,345,56.5,21.31,3259.71,3269.09,3231.70,5137.90,NA,18.75,0,none-observed
2026-08-27T10:22:06Z,balanced,all-core,348,56.5,21.27,3242.51,3269.06,3219.09,5137.90,NA,18.69,0,none-observed
2026-08-27T10:22:08Z,balanced,all-core,350,56.5,21.28,3318.96,3319.01,3318.93,5137.90,NA,18.69,0,none-observed
2026-08-27T10:22:10Z,balanced,all-core,352,56.5,21.25,3342.43,3368.87,3268.70,5137.90,NA,18.71,0,none-observed
2026-08-27T10:22:12Z,balanced,all-core,354,56.4,21.22,3293.99,3294.04,3293.95,5137.90,NA,18.71,0,none-observed
2026-08-27T10:22:14Z,balanced,all-core,356,56.4,21.22,3141.10,3203.89,3125.69,5137.90,NA,18.57,0,none-observed
2026-08-27T10:22:17Z,balanced,all-core,358,56.4,21.21,3163.07,3169.25,3159.37,5137.90,NA,18.57,0,none-observed
2026-08-27T10:22:19Z,balanced,all-core,361,56.4,21.19,3285.25,3318.97,3269.01,5137.90,NA,18.53,0,none-observed
2026-08-27T10:22:21Z,balanced,all-core,363,56.4,21.17,3239.56,3244.11,3229.60,5137.90,NA,18.53,0,none-observed
2026-08-27T10:22:23Z,balanced,all-core,365,56.2,21.17,3277.76,3294.06,3251.94,5137.90,NA,18.53,0,none-observed
2026-08-27T10:22:25Z,balanced,all-core,367,56.2,21.16,3241.18,3245.14,3230.40,5137.90,NA,18.41,0,none-observed
2026-08-27T10:22:27Z,balanced,all-core,369,56.4,21.14,3288.12,3294.08,3262.65,5137.90,NA,18.41,0,none-observed
2026-08-27T10:22:30Z,balanced,all-core,371,56.2,21.12,3256.56,3269.07,3244.05,5137.90,NA,18.29,0,none-observed
2026-08-27T10:22:32Z,balanced,all-core,374,56.2,21.11,3119.08,3144.25,3113.00,5137.90,NA,18.29,0,none-observed
2026-08-27T10:22:34Z,balanced,all-core,376,56.1,21.07,3322.27,3343.91,3252.89,5137.90,NA,18.27,0,none-observed
2026-08-27T10:22:36Z,balanced,all-core,378,56.1,21.06,3244.08,3244.14,3244.04,5137.90,NA,18.27,0,none-observed
2026-08-27T10:22:38Z,balanced,all-core,380,56.1,21.04,3141.97,3194.19,3123.29,5137.90,NA,18.27,0,none-observed
2026-08-27T10:22:40Z,balanced,all-core,382,56.1,21.05,3260.39,3269.09,3234.29,5137.90,NA,18.33,0,none-observed
2026-08-27T10:22:42Z,balanced,all-core,384,56.0,21.01,3174.62,3194.21,3162.54,5137.90,NA,18.33,0,none-observed
2026-08-27T10:22:45Z,balanced,all-core,386,56.0,21.01,3120.43,3121.34,3119.26,5137.90,NA,18.22,0,none-observed
2026-08-27T10:22:47Z,balanced,all-core,389,55.9,20.98,3293.95,3294.00,3293.91,5137.90,NA,18.22,0,none-observed
2026-08-27T10:22:49Z,balanced,all-core,391,56.0,20.99,3098.06,3119.36,3066.75,5137.90,NA,18.28,0,none-observed
2026-08-27T10:22:51Z,balanced,all-core,393,56.0,20.96,3255.55,3318.94,3231.19,5137.90,NA,18.28,0,none-observed
2026-08-27T10:22:53Z,balanced,all-core,395,56.0,20.95,3306.00,3318.95,3293.97,5137.90,NA,18.28,0,none-observed
2026-08-27T10:22:55Z,balanced,all-core,397,56.0,20.96,3142.90,3170.11,3130.68,5137.90,NA,18.18,0,none-observed
2026-08-27T10:22:58Z,balanced,all-core,399,56.0,20.92,3281.51,3294.01,3269.02,5137.90,NA,18.18,0,none-observed
2026-08-27T10:23:00Z,balanced,all-core,402,56.0,20.94,3233.15,3244.09,3219.08,5137.90,NA,18.25,0,none-observed
2026-08-27T10:23:02Z,balanced,all-core,404,56.0,20.90,3227.46,3281.04,3194.07,5137.90,NA,18.25,0,none-observed
2026-08-27T10:23:04Z,balanced,all-core,406,56.0,20.90,3269.03,3269.07,3268.99,5137.90,NA,18.23,0,none-observed
2026-08-27T10:23:06Z,balanced,all-core,408,56.0,20.89,3130.34,3138.96,3119.26,5137.90,NA,18.23,0,none-observed
2026-08-27T10:23:08Z,balanced,all-core,410,55.9,20.88,3318.92,3318.98,3318.86,5137.90,NA,18.23,0,none-observed
2026-08-27T10:23:10Z,balanced,all-core,412,56.0,20.93,3147.34,3169.27,3116.29,5137.90,NA,18.13,0,none-observed
2026-08-27T10:23:13Z,balanced,all-core,414,55.9,20.89,3172.88,3194.20,3144.23,5137.90,NA,18.13,0,none-observed
2026-08-27T10:23:15Z,balanced,all-core,417,55.9,20.92,3070.99,3094.24,3065.55,5137.90,NA,19.16,0,none-observed
2026-08-27T10:23:17Z,balanced,all-core,419,55.9,20.90,3269.05,3269.11,3269.02,5137.90,NA,19.16,0,none-observed
2026-08-27T10:23:19Z,balanced,all-core,421,55.9,20.89,3144.18,3155.30,3110.78,5137.90,NA,19.07,0,none-observed
2026-08-27T10:23:21Z,balanced,all-core,423,55.9,20.89,3119.33,3169.23,3112.20,5137.90,NA,19.07,0,none-observed
2026-08-27T10:23:23Z,balanced,all-core,425,55.9,20.87,3210.93,3219.15,3186.36,5137.90,NA,19.07,0,none-observed
2026-08-27T10:23:26Z,balanced,all-core,427,55.9,20.86,3318.94,3318.97,3318.91,5137.90,NA,18.90,0,none-observed
2026-08-27T10:23:28Z,balanced,all-core,430,55.9,20.84,3231.62,3244.15,3219.12,5137.90,NA,18.90,0,none-observed
2026-08-27T10:23:30Z,balanced,all-core,432,55.9,20.84,3282.54,3294.05,3269.01,5137.90,NA,18.83,0,none-observed
2026-08-27T10:23:32Z,balanced,all-core,434,55.9,20.84,3244.10,3244.15,3244.05,5137.90,NA,18.83,0,none-observed
2026-08-27T10:23:34Z,balanced,all-core,436,55.8,20.81,3226.22,3244.12,3215.01,5137.90,NA,19.24,0,none-observed
2026-08-27T10:23:36Z,balanced,all-core,438,55.8,20.79,3236.81,3243.56,3228.18,5137.90,NA,19.24,0,none-observed
2026-08-27T10:23:38Z,balanced,all-core,440,55.8,20.78,3311.53,3319.00,3295.20,5137.90,NA,19.24,0,none-observed
2026-08-27T10:23:41Z,balanced,all-core,442,55.8,20.79,3222.76,3243.35,3219.15,5137.90,NA,19.14,0,none-observed
2026-08-27T10:23:43Z,balanced,all-core,445,55.8,20.79,3245.19,3246.36,3244.03,5137.90,NA,19.14,0,none-observed
2026-08-27T10:23:45Z,balanced,all-core,447,55.6,20.76,3277.87,3303.79,3269.04,5137.90,NA,19.13,0,none-observed
2026-08-27T10:23:47Z,balanced,all-core,449,55.6,20.77,3231.59,3244.09,3219.10,5137.90,NA,19.13,0,none-observed
2026-08-27T10:23:49Z,balanced,all-core,451,55.6,20.73,3293.98,3294.01,3293.94,5137.90,NA,19.04,0,none-observed
2026-08-27T10:23:51Z,balanced,all-core,453,55.8,20.73,3105.54,3171.47,3086.44,5137.90,NA,19.04,0,none-observed
2026-08-27T10:23:54Z,balanced,all-core,455,55.6,20.71,3318.94,3319.00,3318.90,5137.90,NA,19.04,0,none-observed
2026-08-27T10:23:56Z,balanced,all-core,458,55.6,20.71,3179.57,3266.30,3113.69,5137.90,NA,19.20,0,none-observed
2026-08-27T10:23:58Z,balanced,all-core,460,55.6,20.70,3293.99,3294.04,3293.94,5137.90,NA,19.20,0,none-observed
2026-08-27T10:24:00Z,balanced,all-core,462,55.6,20.70,3245.97,3249.25,3241.11,5137.90,NA,19.18,0,none-observed
2026-08-27T10:24:02Z,balanced,all-core,464,55.8,20.70,3124.72,3141.90,3119.29,5137.90,NA,19.18,0,none-observed
2026-08-27T10:24:04Z,balanced,all-core,466,55.8,20.69,3257.81,3269.07,3244.07,5137.90,NA,19.17,0,none-observed
2026-08-27T10:24:07Z,balanced,all-core,468,55.6,20.69,3189.28,3219.15,3172.24,5137.90,NA,19.17,0,none-observed
2026-08-27T10:24:09Z,balanced,all-core,471,55.6,20.66,3152.35,3204.16,3135.15,5137.90,NA,19.15,0,none-observed
2026-08-27T10:24:11Z,balanced,all-core,473,55.6,20.68,3208.39,3219.14,3194.14,5137.90,NA,19.15,0,none-observed
2026-08-27T10:24:13Z,balanced,all-core,475,55.6,20.68,3150.94,3169.26,3121.04,5137.90,NA,19.15,0,none-observed
2026-08-27T10:24:15Z,balanced,all-core,477,55.6,20.66,3271.49,3294.00,3258.27,5137.90,NA,19.06,0,none-observed
2026-08-27T10:24:17Z,balanced,all-core,479,55.5,20.69,3185.75,3219.09,3166.35,5137.90,NA,19.06,0,none-observed
2026-08-27T10:24:23Z,performance,one-core,0,50.6,8.36,3202.97,4815.79,1100.98,5137.90,NA,17.69,0,none-observed
2026-08-27T10:24:25Z,performance,one-core,2,63.1,16.84,2797.15,4768.19,1100.98,5137.90,NA,16.44,0,none-observed
2026-08-27T10:24:27Z,performance,one-core,4,65.6,18.50,2924.08,4773.26,1100.98,5137.90,NA,16.44,0,none-observed
2026-08-27T10:24:29Z,performance,one-core,6,66.0,18.25,2715.87,4768.15,1100.98,5137.90,NA,15.28,0,none-observed
2026-08-27T10:24:31Z,performance,one-core,8,66.0,18.12,2548.73,4790.90,1100.98,5137.90,NA,15.28,0,none-observed
2026-08-27T10:24:33Z,performance,one-core,10,66.1,18.30,3021.54,4765.91,1100.98,5137.90,NA,15.28,0,none-observed
2026-08-27T10:24:35Z,performance,one-core,12,66.4,18.49,3022.76,4766.20,1100.98,5137.90,NA,14.38,0,none-observed
2026-08-27T10:24:37Z,performance,one-core,14,67.2,23.01,3351.53,4766.11,1100.98,5137.90,NA,14.38,0,none-observed
2026-08-27T10:24:39Z,performance,one-core,16,68.1,23.51,2890.61,4766.31,1100.98,5137.90,NA,13.39,0,none-observed
2026-08-27T10:24:41Z,performance,one-core,18,67.2,19.40,3096.16,4766.19,1100.98,5137.90,NA,13.39,0,none-observed
2026-08-27T10:24:43Z,performance,one-core,20,67.0,19.17,3582.03,4741.26,1100.98,5137.90,NA,13.39,0,none-observed
2026-08-27T10:24:45Z,performance,one-core,22,66.9,18.84,2924.12,4768.28,1100.98,5137.90,NA,12.47,0,none-observed
2026-08-27T10:24:47Z,performance,one-core,24,67.0,19.55,3107.71,4766.26,1100.98,5137.90,NA,12.47,0,none-observed
2026-08-27T10:24:49Z,performance,one-core,26,66.9,18.91,3145.24,4766.21,1100.98,5137.90,NA,11.64,0,none-observed
2026-08-27T10:24:51Z,performance,one-core,28,66.6,18.54,2752.16,4769.25,1100.98,5137.90,NA,11.64,0,none-observed
2026-08-27T10:24:53Z,performance,one-core,30,66.8,19.47,3811.83,4755.88,1100.98,5137.90,NA,11.64,0,none-observed
2026-08-27T10:24:55Z,performance,one-core,32,67.0,19.24,2891.39,4769.26,1100.98,5137.90,NA,10.86,0,none-observed
2026-08-27T10:24:57Z,performance,one-core,34,66.8,19.17,3289.30,4765.87,1100.98,5137.90,NA,10.86,0,none-observed
2026-08-27T10:25:00Z,performance,one-core,36,66.6,18.91,2763.47,4766.07,1100.98,5137.90,NA,10.15,0,none-observed
2026-08-27T10:25:02Z,performance,one-core,39,66.6,18.66,2852.57,4769.28,1100.98,5137.90,NA,10.15,0,none-observed
2026-08-27T10:25:04Z,performance,one-core,41,66.6,19.57,4231.44,4750.00,1100.98,5137.90,NA,10.15,0,none-observed
2026-08-27T10:25:06Z,performance,one-core,43,66.6,18.93,2891.84,4766.25,1100.98,5137.90,NA,9.50,0,none-observed
2026-08-27T10:25:08Z,performance,one-core,45,66.6,19.30,2567.37,4767.55,1100.98,5137.90,NA,9.50,0,none-observed
2026-08-27T10:25:10Z,performance,one-core,47,66.4,18.88,3344.37,4766.25,1100.98,5137.90,NA,8.90,0,none-observed
2026-08-27T10:25:12Z,performance,one-core,49,66.2,18.88,3509.22,4766.27,1100.98,5137.90,NA,8.90,0,none-observed
2026-08-27T10:25:14Z,performance,one-core,51,66.5,19.78,4244.67,4764.00,3155.76,5137.90,NA,8.51,0,none-observed
2026-08-27T10:25:16Z,performance,one-core,53,66.5,18.74,4389.25,4765.96,1100.98,5137.90,NA,8.51,0,none-observed
2026-08-27T10:25:18Z,performance,one-core,55,66.4,19.08,3844.08,4766.87,1100.98,5137.90,NA,8.51,0,none-observed
2026-08-27T10:25:20Z,performance,one-core,57,66.2,18.29,2901.08,4766.13,1100.98,5137.90,NA,7.99,0,none-observed
2026-08-27T10:25:22Z,performance,one-core,59,66.1,18.06,2946.69,4757.34,1100.98,5137.90,NA,7.99,0,none-observed
2026-08-27T10:25:26Z,performance,all-core,0,54.0,9.00,2675.04,4816.16,1100.98,5137.90,NA,7.43,0,none-observed
2026-08-27T10:25:28Z,performance,all-core,2,75.9,54.26,4490.19,4516.71,4474.17,5137.90,NA,7.43,0,none-observed
2026-08-27T10:25:30Z,performance,all-core,4,81.9,62.27,4625.56,4641.57,4598.91,5137.90,NA,8.19,0,none-observed
2026-08-27T10:25:32Z,performance,all-core,6,83.8,62.55,4570.79,4591.67,4557.05,5137.90,NA,8.19,0,none-observed
2026-08-27T10:25:34Z,performance,all-core,8,85.6,62.63,4516.08,4516.78,4512.31,5137.90,NA,8.98,0,none-observed
2026-08-27T10:25:37Z,performance,all-core,10,87.0,62.61,4591.62,4591.65,4591.56,5137.90,NA,8.98,0,none-observed
2026-08-27T10:25:39Z,performance,all-core,13,88.1,62.61,4545.60,4566.33,4535.60,5137.90,NA,8.98,0,none-observed
2026-08-27T10:25:41Z,performance,all-core,15,89.2,62.62,4581.31,4591.68,4566.21,5137.90,NA,9.78,0,none-observed
2026-08-27T10:25:43Z,performance,all-core,17,88.8,60.17,4516.67,4516.83,4516.44,5137.90,NA,9.78,0,none-observed
2026-08-27T10:25:45Z,performance,all-core,19,89.2,60.01,4564.30,4566.69,4529.17,5137.90,NA,10.68,0,none-observed
2026-08-27T10:25:47Z,performance,all-core,21,89.4,59.99,4524.49,4541.55,4516.69,5137.90,NA,10.68,0,none-observed
2026-08-27T10:25:49Z,performance,all-core,23,89.6,60.01,4541.72,4541.77,4541.66,5137.90,NA,11.27,0,none-observed
2026-08-27T10:25:52Z,performance,all-core,25,89.6,59.99,4551.01,4566.63,4525.37,5137.90,NA,11.27,0,none-observed
2026-08-27T10:25:54Z,performance,all-core,28,89.9,60.01,4476.32,4491.82,4450.44,5137.90,NA,11.27,0,none-observed
2026-08-27T10:25:56Z,performance,all-core,30,90.0,60.02,4492.71,4516.73,4482.31,5137.90,NA,11.73,0,none-observed
2026-08-27T10:25:58Z,performance,all-core,32,90.1,60.03,4532.21,4541.76,4516.36,5137.90,NA,11.73,0,none-observed
2026-08-27T10:26:00Z,performance,all-core,34,90.2,60.01,4503.34,4516.59,4486.40,5137.90,NA,12.31,0,none-observed
2026-08-27T10:26:02Z,performance,all-core,36,90.4,59.99,4516.59,4516.69,4516.49,5137.90,NA,12.31,0,none-observed
2026-08-27T10:26:04Z,performance,all-core,38,90.6,60.05,4444.59,4449.89,4433.28,5137.90,NA,12.92,0,none-observed
2026-08-27T10:26:06Z,performance,all-core,40,90.9,60.01,4541.71,4541.79,4541.67,5137.90,NA,12.92,0,none-observed
2026-08-27T10:26:09Z,performance,all-core,42,90.9,60.01,4515.79,4516.76,4515.25,5137.90,NA,12.92,0,none-observed
2026-08-27T10:26:11Z,performance,all-core,45,91.1,59.99,4518.61,4521.07,4516.69,5137.90,NA,13.25,0,none-observed
2026-08-27T10:26:13Z,performance,all-core,47,91.2,59.99,4541.71,4541.74,4541.66,5137.90,NA,13.25,0,none-observed
2026-08-27T10:26:15Z,performance,all-core,49,91.4,60.01,4490.24,4491.84,4479.29,5137.90,NA,13.95,0,none-observed
2026-08-27T10:26:17Z,performance,all-core,51,91.6,60.02,4491.83,4491.86,4491.77,5137.90,NA,13.95,0,none-observed
2026-08-27T10:26:19Z,performance,all-core,53,91.6,60.01,4516.70,4516.82,4516.59,5137.90,NA,14.20,0,none-observed
2026-08-27T10:26:21Z,performance,all-core,55,91.8,60.02,4484.77,4491.84,4477.72,5137.90,NA,14.20,0,none-observed
2026-08-27T10:26:23Z,performance,all-core,57,91.9,60.00,4541.71,4541.75,4541.69,5137.90,NA,14.20,0,none-observed
2026-08-27T10:26:26Z,performance,all-core,59,91.9,59.99,4543.48,4566.70,4541.71,5137.90,NA,14.58,0,none-observed
2026-08-27T10:26:28Z,performance,all-core,62,92.0,60.02,4491.79,4491.85,4491.74,5137.90,NA,14.58,0,none-observed
2026-08-27T10:26:30Z,performance,all-core,64,92.1,59.99,4541.71,4541.77,4541.66,5137.90,NA,14.93,0,none-observed
2026-08-27T10:26:32Z,performance,all-core,66,92.2,60.02,4473.06,4491.81,4448.99,5137.90,NA,14.93,0,none-observed
2026-08-27T10:26:34Z,performance,all-core,68,92.4,60.02,4515.16,4516.14,4514.99,5137.90,NA,15.10,0,none-observed
2026-08-27T10:26:36Z,performance,all-core,70,92.4,60.00,4541.70,4541.75,4541.65,5137.90,NA,15.10,0,none-observed
2026-08-27T10:26:38Z,performance,all-core,72,92.6,60.02,4499.58,4516.72,4491.66,5137.90,NA,15.10,0,none-observed
2026-08-27T10:26:40Z,performance,all-core,74,92.6,60.01,4541.89,4542.62,4541.39,5137.90,NA,15.41,0,none-observed
2026-08-27T10:26:43Z,performance,all-core,77,92.8,59.99,4541.56,4541.76,4541.27,5137.90,NA,15.41,0,none-observed
2026-08-27T10:26:45Z,performance,all-core,79,92.9,60.01,4502.78,4516.81,4488.77,5137.90,NA,15.54,0,none-observed
2026-08-27T10:26:47Z,performance,all-core,81,92.9,59.99,4533.81,4541.63,4516.79,5137.90,NA,15.54,0,none-observed
2026-08-27T10:26:49Z,performance,all-core,83,93.1,59.99,4541.67,4541.76,4541.43,5137.90,NA,15.66,0,none-observed
2026-08-27T10:26:51Z,performance,all-core,85,93.1,60.02,4496.48,4516.78,4491.76,5137.90,NA,15.66,0,none-observed
2026-08-27T10:26:53Z,performance,all-core,87,93.2,60.02,4491.79,4491.84,4491.52,5137.90,NA,15.66,0,none-observed
2026-08-27T10:26:55Z,performance,all-core,89,93.2,60.00,4529.12,4541.77,4508.10,5137.90,NA,16.09,0,none-observed
2026-08-27T10:26:58Z,performance,all-core,91,93.4,59.99,4541.72,4541.76,4541.68,5137.90,NA,16.09,0,none-observed
2026-08-27T10:27:00Z,performance,all-core,94,93.6,60.02,4491.46,4491.86,4491.02,5137.90,NA,16.16,0,none-observed
2026-08-27T10:27:02Z,performance,all-core,96,93.5,59.99,4541.59,4541.76,4541.05,5137.90,NA,16.16,0,none-observed
2026-08-27T10:27:04Z,performance,all-core,98,93.5,59.99,4499.19,4516.74,4485.53,5137.90,NA,16.31,0,none-observed
2026-08-27T10:27:06Z,performance,all-core,100,93.6,60.02,4491.79,4491.88,4491.73,5137.90,NA,16.31,0,none-observed
2026-08-27T10:27:08Z,performance,all-core,102,93.6,59.99,4541.58,4541.71,4541.48,5137.90,NA,16.31,0,none-observed
2026-08-27T10:27:10Z,performance,all-core,104,93.6,60.01,4491.78,4491.85,4491.68,5137.90,NA,16.84,0,none-observed
2026-08-27T10:27:12Z,performance,all-core,106,93.8,60.01,4496.40,4516.79,4491.54,5137.90,NA,16.84,0,none-observed
2026-08-27T10:27:15Z,performance,all-core,109,93.8,59.99,4516.77,4516.82,4516.74,5137.90,NA,17.02,0,none-observed
2026-08-27T10:27:17Z,performance,all-core,111,94.0,60.01,4499.62,4516.79,4491.79,5137.90,NA,17.02,0,none-observed
2026-08-27T10:27:19Z,performance,all-core,113,94.0,60.01,4517.73,4541.70,4502.48,5137.90,NA,17.17,0,none-observed
2026-08-27T10:27:21Z,performance,all-core,115,94.0,60.01,4491.72,4491.85,4491.55,5137.90,NA,17.17,0,none-observed
2026-08-27T10:27:23Z,performance,all-core,117,94.0,60.03,4504.91,4516.82,4489.66,5137.90,NA,17.17,0,none-observed
2026-08-27T10:27:25Z,performance,all-core,119,94.1,59.99,4492.58,4498.03,4491.76,5137.90,NA,17.40,0,none-observed
2026-08-27T10:27:27Z,performance,all-core,121,94.1,60.01,4541.71,4541.77,4541.66,5137.90,NA,17.40,0,none-observed
2026-08-27T10:27:30Z,performance,all-core,123,94.1,60.00,4520.99,4522.44,4516.74,5137.90,NA,17.53,0,none-observed
2026-08-27T10:27:32Z,performance,all-core,126,94.2,60.02,4480.78,4516.55,4473.68,5137.90,NA,17.53,0,none-observed
2026-08-27T10:27:34Z,performance,all-core,128,94.2,60.02,4529.32,4541.73,4508.63,5137.90,NA,17.65,0,none-observed
2026-08-27T10:27:36Z,performance,all-core,130,94.2,60.00,4516.74,4516.81,4516.66,5137.90,NA,17.65,0,none-observed
2026-08-27T10:27:38Z,performance,all-core,132,94.5,60.02,4516.76,4516.80,4516.68,5137.90,NA,17.65,0,none-observed
2026-08-27T10:27:40Z,performance,all-core,134,94.4,60.02,4489.58,4491.77,4486.99,5137.90,NA,17.68,0,none-observed
2026-08-27T10:27:42Z,performance,all-core,136,94.4,59.99,4524.32,4541.75,4516.71,5137.90,NA,17.68,0,none-observed
2026-08-27T10:27:44Z,performance,all-core,138,94.4,59.98,4541.65,4541.77,4541.36,5137.90,NA,17.62,0,none-observed
2026-08-27T10:27:47Z,performance,all-core,140,94.4,59.99,4516.73,4516.79,4516.65,5137.90,NA,17.62,0,none-observed
2026-08-27T10:27:49Z,performance,all-core,143,94.5,60.01,4491.81,4491.88,4491.74,5137.90,NA,17.62,0,none-observed
2026-08-27T10:27:51Z,performance,all-core,145,94.6,60.00,4541.74,4542.13,4541.65,5137.90,NA,17.73,0,none-observed
2026-08-27T10:27:53Z,performance,all-core,147,94.6,60.02,4516.39,4516.63,4516.14,5137.90,NA,17.73,0,none-observed
2026-08-27T10:27:55Z,performance,all-core,149,94.8,59.99,4541.68,4541.72,4541.65,5137.90,NA,17.91,0,none-observed
2026-08-27T10:27:57Z,performance,all-core,151,94.8,60.00,4541.70,4541.75,4541.66,5137.90,NA,17.91,0,none-observed
2026-08-27T10:27:59Z,performance,all-core,153,94.8,60.01,4491.78,4491.85,4491.54,5137.90,NA,17.92,0,none-observed
2026-08-27T10:28:01Z,performance,all-core,155,95.0,60.01,4541.71,4541.76,4541.66,5137.90,NA,17.92,0,thermal-near-limit
2026-08-27T10:28:04Z,performance,all-core,158,94.9,59.99,4541.70,4541.77,4541.66,5137.90,NA,17.92,0,none-observed
2026-08-27T10:28:06Z,performance,all-core,160,94.9,60.01,4491.79,4491.86,4491.75,5137.90,NA,18.01,0,none-observed
2026-08-27T10:28:08Z,performance,all-core,162,94.9,60.00,4523.46,4541.06,4500.89,5137.90,NA,18.01,0,none-observed
2026-08-27T10:28:10Z,performance,all-core,164,95.0,60.01,4541.26,4541.73,4540.76,5137.90,NA,18.17,0,thermal-near-limit
2026-08-27T10:28:12Z,performance,all-core,166,95.2,60.02,4500.70,4516.81,4480.04,5137.90,NA,18.17,0,thermal-near-limit
2026-08-27T10:28:14Z,performance,all-core,168,95.0,60.01,4515.72,4516.79,4512.58,5137.90,NA,18.15,0,thermal-near-limit
2026-08-27T10:28:16Z,performance,all-core,170,95.0,60.01,4521.84,4541.75,4510.45,5137.90,NA,18.15,0,thermal-near-limit
2026-08-27T10:28:19Z,performance,all-core,172,95.0,59.99,4541.65,4541.74,4541.50,5137.90,NA,18.15,0,thermal-near-limit
2026-08-27T10:28:21Z,performance,all-core,175,95.0,60.02,4516.63,4516.75,4516.57,5137.90,NA,18.14,0,thermal-near-limit
2026-08-27T10:28:23Z,performance,all-core,177,95.1,59.99,4541.66,4541.71,4541.61,5137.90,NA,18.14,0,thermal-near-limit
2026-08-27T10:28:25Z,performance,all-core,179,95.1,60.00,4541.69,4541.77,4541.60,5137.90,NA,18.13,0,thermal-near-limit
2026-08-27T10:28:27Z,performance,all-core,181,95.1,60.02,4488.44,4491.81,4484.70,5137.90,NA,18.13,0,thermal-near-limit
2026-08-27T10:28:29Z,performance,all-core,183,95.1,59.99,4541.68,4541.73,4541.62,5137.90,NA,18.20,0,thermal-near-limit
2026-08-27T10:28:31Z,performance,all-core,185,95.1,60.00,4516.77,4516.81,4516.73,5137.90,NA,18.20,0,thermal-near-limit
2026-08-27T10:28:34Z,performance,all-core,187,95.1,59.99,4521.08,4541.46,4509.02,5137.90,NA,18.20,0,thermal-near-limit
2026-08-27T10:28:36Z,performance,all-core,190,95.1,60.03,4490.91,4516.62,4485.25,5137.90,NA,18.10,0,thermal-near-limit
2026-08-27T10:28:38Z,performance,all-core,192,95.1,60.02,4466.26,4491.84,4450.62,5137.90,NA,18.10,0,thermal-near-limit
2026-08-27T10:28:40Z,performance,all-core,194,95.1,59.99,4541.53,4541.73,4541.39,5137.90,NA,18.26,0,thermal-near-limit
2026-08-27T10:28:42Z,performance,all-core,196,95.1,60.02,4466.46,4491.81,4449.56,5137.90,NA,18.26,0,thermal-near-limit
2026-08-27T10:28:44Z,performance,all-core,198,95.2,60.02,4497.22,4516.79,4487.43,5137.90,NA,18.32,0,thermal-near-limit
2026-08-27T10:28:46Z,performance,all-core,200,95.2,59.99,4541.71,4541.76,4541.65,5137.90,NA,18.32,0,thermal-near-limit
2026-08-27T10:28:48Z,performance,all-core,202,95.1,59.99,4502.01,4520.44,4482.07,5137.90,NA,18.32,0,thermal-near-limit
2026-08-27T10:28:51Z,performance,all-core,204,95.2,60.02,4516.77,4516.83,4516.69,5137.90,NA,18.37,0,thermal-near-limit
2026-08-27T10:28:53Z,performance,all-core,207,95.2,60.01,4541.53,4541.76,4541.36,5137.90,NA,18.37,0,thermal-near-limit
2026-08-27T10:28:55Z,performance,all-core,209,95.4,59.99,4521.97,4541.66,4511.44,5137.90,NA,18.66,0,thermal-near-limit
2026-08-27T10:28:57Z,performance,all-core,211,95.4,59.99,4489.92,4491.85,4476.72,5137.90,NA,18.66,0,thermal-near-limit
2026-08-27T10:28:59Z,performance,all-core,213,95.4,60.02,4499.49,4516.52,4491.73,5137.90,NA,18.61,0,thermal-near-limit
2026-08-27T10:29:01Z,performance,all-core,215,95.4,60.00,4488.83,4491.89,4479.85,5137.90,NA,18.61,0,thermal-near-limit
2026-08-27T10:29:03Z,performance,all-core,217,95.5,60.01,4491.83,4491.89,4491.79,5137.90,NA,18.61,0,thermal-near-limit
2026-08-27T10:29:06Z,performance,all-core,219,95.5,60.00,4515.70,4516.82,4513.90,5137.90,NA,18.88,0,thermal-near-limit
2026-08-27T10:29:08Z,performance,all-core,222,95.5,60.00,4541.64,4541.71,4541.55,5137.90,NA,18.88,0,thermal-near-limit
2026-08-27T10:29:10Z,performance,all-core,224,95.5,60.03,4516.69,4516.81,4516.47,5137.90,NA,19.29,0,thermal-near-limit
2026-08-27T10:29:12Z,performance,all-core,226,95.6,60.01,4541.68,4541.72,4541.65,5137.90,NA,19.29,0,thermal-near-limit
2026-08-27T10:29:14Z,performance,all-core,228,95.5,59.99,4541.68,4541.74,4541.61,5137.90,NA,19.35,0,thermal-near-limit
2026-08-27T10:29:16Z,performance,all-core,230,95.6,60.03,4498.03,4516.77,4491.75,5137.90,NA,19.35,0,thermal-near-limit
2026-08-27T10:29:18Z,performance,all-core,232,95.5,60.00,4541.69,4541.75,4541.64,5137.90,NA,19.35,0,thermal-near-limit
2026-08-27T10:29:20Z,performance,all-core,234,95.6,60.01,4484.43,4491.79,4452.80,5137.90,NA,19.24,0,thermal-near-limit
2026-08-27T10:29:23Z,performance,all-core,236,95.6,60.03,4516.75,4516.79,4516.69,5137.90,NA,19.24,0,thermal-near-limit
2026-08-27T10:29:25Z,performance,all-core,239,95.6,59.99,4513.15,4516.80,4508.46,5137.90,NA,19.22,0,thermal-near-limit
2026-08-27T10:29:27Z,performance,all-core,241,95.6,60.02,4491.73,4491.81,4491.54,5137.90,NA,19.22,0,thermal-near-limit
2026-08-27T10:29:29Z,performance,all-core,243,95.8,59.99,4541.71,4541.77,4541.67,5137.90,NA,19.04,0,thermal-near-limit
2026-08-27T10:29:31Z,performance,all-core,245,95.8,60.01,4495.68,4516.72,4479.22,5137.90,NA,19.04,0,thermal-near-limit
2026-08-27T10:29:33Z,performance,all-core,247,95.8,60.00,4541.72,4541.78,4541.65,5137.90,NA,19.04,0,thermal-near-limit
2026-08-27T10:29:35Z,performance,all-core,249,95.6,60.01,4473.06,4491.80,4466.80,5137.90,NA,18.96,0,thermal-near-limit
2026-08-27T10:29:38Z,performance,all-core,251,95.6,60.00,4541.68,4541.77,4541.62,5137.90,NA,18.96,0,thermal-near-limit
2026-08-27T10:29:40Z,performance,all-core,254,95.8,60.02,4491.75,4491.83,4491.70,5137.90,NA,18.88,0,thermal-near-limit
2026-08-27T10:29:42Z,performance,all-core,256,95.9,60.02,4516.77,4516.86,4516.69,5137.90,NA,18.88,0,thermal-near-limit
2026-08-27T10:29:44Z,performance,all-core,258,95.9,60.00,4491.75,4491.87,4491.67,5137.90,NA,18.89,0,thermal-near-limit
2026-08-27T10:29:46Z,performance,all-core,260,96.1,59.99,4491.67,4491.82,4491.56,5137.90,NA,18.89,0,thermal-near-limit
2026-08-27T10:29:48Z,performance,all-core,262,96.0,60.03,4468.78,4473.18,4465.89,5137.90,NA,18.89,0,thermal-near-limit
2026-08-27T10:29:50Z,performance,all-core,264,95.9,60.00,4541.71,4541.77,4541.64,5137.90,NA,18.98,0,thermal-near-limit
2026-08-27T10:29:52Z,performance,all-core,266,95.9,60.02,4493.69,4516.75,4477.84,5137.90,NA,18.98,0,thermal-near-limit
2026-08-27T10:29:55Z,performance,all-core,268,95.9,59.99,4518.59,4540.82,4516.64,5137.90,NA,18.98,0,thermal-near-limit
2026-08-27T10:29:57Z,performance,all-core,271,96.0,60.00,4541.63,4541.72,4541.38,5137.90,NA,18.98,0,thermal-near-limit
2026-08-27T10:29:59Z,performance,all-core,273,95.9,60.00,4541.55,4542.18,4541.01,5137.90,NA,19.06,0,thermal-near-limit
2026-08-27T10:30:01Z,performance,all-core,275,95.9,60.02,4489.29,4491.70,4453.97,5137.90,NA,19.06,0,thermal-near-limit
2026-08-27T10:30:03Z,performance,all-core,277,96.0,60.03,4491.78,4491.86,4491.56,5137.90,NA,19.06,0,thermal-near-limit
2026-08-27T10:30:05Z,performance,all-core,279,96.0,59.99,4541.69,4541.73,4541.65,5137.90,NA,18.90,0,thermal-near-limit
2026-08-27T10:30:07Z,performance,all-core,281,95.9,60.01,4498.05,4516.82,4491.73,5137.90,NA,18.90,0,thermal-near-limit
2026-08-27T10:30:09Z,performance,all-core,283,96.0,60.00,4491.48,4491.88,4490.41,5137.90,NA,18.91,0,thermal-near-limit
2026-08-27T10:30:12Z,performance,all-core,286,96.0,59.99,4531.31,4541.78,4517.89,5137.90,NA,18.91,0,thermal-near-limit
2026-08-27T10:30:14Z,performance,all-core,288,96.0,60.00,4499.42,4516.79,4490.90,5137.90,NA,18.91,0,thermal-near-limit
2026-08-27T10:30:16Z,performance,all-core,290,96.0,60.03,4516.72,4516.80,4516.56,5137.90,NA,19.07,0,thermal-near-limit
2026-08-27T10:30:18Z,performance,all-core,292,96.2,59.99,4515.63,4541.73,4501.28,5137.90,NA,19.07,0,thermal-near-limit
2026-08-27T10:30:20Z,performance,all-core,294,96.1,60.00,4541.38,4541.72,4540.44,5137.90,NA,19.23,0,thermal-near-limit
2026-08-27T10:30:22Z,performance,all-core,296,96.1,59.99,4491.46,4491.82,4487.52,5137.90,NA,19.23,0,thermal-near-limit
2026-08-27T10:30:24Z,performance,all-core,298,96.1,60.02,4516.78,4516.83,4516.73,5137.90,NA,19.13,0,thermal-near-limit
2026-08-27T10:30:27Z,performance,all-core,300,96.1,60.00,4541.71,4541.76,4541.65,5137.90,NA,19.13,0,thermal-near-limit
2026-08-27T10:30:29Z,performance,all-core,303,96.0,60.02,4516.75,4516.79,4516.68,5137.90,NA,19.13,0,thermal-near-limit
2026-08-27T10:30:31Z,performance,all-core,305,96.1,59.99,4492.04,4495.88,4491.74,5137.90,NA,19.12,0,thermal-near-limit
2026-08-27T10:30:33Z,performance,all-core,307,96.0,60.01,4521.42,4541.70,4516.70,5137.90,NA,19.12,0,thermal-near-limit
2026-08-27T10:30:35Z,performance,all-core,309,96.1,60.00,4541.68,4541.73,4541.58,5137.90,NA,18.95,0,thermal-near-limit
2026-08-27T10:30:37Z,performance,all-core,311,96.1,60.02,4491.74,4491.84,4491.43,5137.90,NA,18.95,0,thermal-near-limit
2026-08-27T10:30:39Z,performance,all-core,313,96.1,60.01,4522.23,4541.73,4514.65,5137.90,NA,19.03,0,thermal-near-limit
2026-08-27T10:30:41Z,performance,all-core,315,96.0,60.02,4489.95,4491.85,4476.90,5137.90,NA,19.03,0,thermal-near-limit
2026-08-27T10:30:44Z,performance,all-core,317,96.0,60.01,4535.46,4541.73,4508.55,5137.90,NA,19.03,0,thermal-near-limit
2026-08-27T10:30:46Z,performance,all-core,320,96.0,60.00,4541.59,4541.73,4541.49,5137.90,NA,18.87,0,thermal-near-limit
2026-08-27T10:30:48Z,performance,all-core,322,96.0,60.02,4487.90,4516.54,4483.71,5137.90,NA,18.87,0,thermal-near-limit
2026-08-27T10:30:50Z,performance,all-core,324,96.1,60.02,4516.45,4516.78,4516.27,5137.90,NA,18.88,0,thermal-near-limit
2026-08-27T10:30:52Z,performance,all-core,326,96.1,59.99,4520.17,4541.75,4501.56,5137.90,NA,18.88,0,thermal-near-limit
2026-08-27T10:30:54Z,performance,all-core,328,96.1,59.99,4491.79,4491.84,4491.75,5137.90,NA,18.89,0,thermal-near-limit
2026-08-27T10:30:56Z,performance,all-core,330,96.1,60.02,4495.46,4516.76,4477.60,5137.90,NA,18.89,0,thermal-near-limit
2026-08-27T10:30:58Z,performance,all-core,332,96.1,60.00,4541.45,4541.78,4540.19,5137.90,NA,18.89,0,thermal-near-limit
2026-08-27T10:31:01Z,performance,all-core,335,96.2,59.99,4529.17,4541.78,4512.98,5137.90,NA,18.74,0,thermal-near-limit
2026-08-27T10:31:03Z,performance,all-core,337,96.1,60.02,4492.42,4516.69,4480.94,5137.90,NA,18.74,0,thermal-near-limit
2026-08-27T10:31:05Z,performance,all-core,339,96.1,60.01,4516.74,4516.78,4516.69,5137.90,NA,18.68,0,thermal-near-limit
2026-08-27T10:31:07Z,performance,all-core,341,96.0,60.00,4521.85,4541.73,4506.38,5137.90,NA,18.68,0,thermal-near-limit
2026-08-27T10:31:09Z,performance,all-core,343,96.1,60.02,4473.05,4491.60,4466.84,5137.90,NA,18.71,0,thermal-near-limit
2026-08-27T10:31:11Z,performance,all-core,345,96.2,59.99,4516.64,4516.82,4516.42,5137.90,NA,18.71,0,thermal-near-limit
2026-08-27T10:31:13Z,performance,all-core,347,96.1,60.01,4491.82,4491.85,4491.77,5137.90,NA,18.71,0,thermal-near-limit
2026-08-27T10:31:16Z,performance,all-core,349,96.1,60.01,4498.84,4516.77,4491.82,5137.90,NA,18.65,0,thermal-near-limit
2026-08-27T10:31:18Z,performance,all-core,352,96.1,60.00,4541.67,4541.76,4541.53,5137.90,NA,18.65,0,thermal-near-limit
2026-08-27T10:31:20Z,performance,all-core,354,96.1,60.03,4479.29,4491.83,4458.42,5137.90,NA,18.68,0,thermal-near-limit
2026-08-27T10:31:22Z,performance,all-core,356,96.2,60.01,4491.80,4491.85,4491.76,5137.90,NA,18.68,0,thermal-near-limit
2026-08-27T10:31:24Z,performance,all-core,358,96.1,59.99,4527.27,4541.30,4516.76,5137.90,NA,18.54,0,thermal-near-limit
2026-08-27T10:31:26Z,performance,all-core,360,96.1,60.01,4468.43,4491.83,4466.79,5137.90,NA,18.54,0,thermal-near-limit
2026-08-27T10:31:28Z,performance,all-core,362,96.2,60.00,4541.71,4541.78,4541.67,5137.90,NA,18.54,0,thermal-near-limit
2026-08-27T10:31:31Z,performance,all-core,364,96.2,59.99,4535.21,4541.62,4516.74,5137.90,NA,18.50,0,thermal-near-limit
2026-08-27T10:31:33Z,performance,all-core,367,96.4,60.01,4485.95,4491.81,4460.82,5137.90,NA,18.50,0,thermal-near-limit
2026-08-27T10:31:35Z,performance,all-core,369,96.2,59.99,4541.74,4541.78,4541.71,5137.90,NA,18.46,0,thermal-near-limit
2026-08-27T10:31:37Z,performance,all-core,371,96.1,60.01,4468.94,4491.86,4450.99,5137.90,NA,18.46,0,thermal-near-limit
2026-08-27T10:31:39Z,performance,all-core,373,96.1,60.00,4516.72,4516.80,4516.53,5137.90,NA,18.50,0,thermal-near-limit
2026-08-27T10:31:41Z,performance,all-core,375,96.2,60.00,4512.76,4516.80,4507.72,5137.90,NA,18.50,0,thermal-near-limit
2026-08-27T10:31:43Z,performance,all-core,377,96.2,60.02,4493.61,4495.15,4491.66,5137.90,NA,18.50,0,thermal-near-limit
2026-08-27T10:31:45Z,performance,all-core,379,96.1,60.02,4489.30,4491.83,4481.52,5137.90,NA,18.54,0,thermal-near-limit
2026-08-27T10:31:48Z,performance,all-core,382,96.1,60.01,4496.48,4516.76,4491.78,5137.90,NA,18.54,0,thermal-near-limit
2026-08-27T10:31:50Z,performance,all-core,384,96.2,60.03,4501.75,4516.80,4476.74,5137.90,NA,18.58,0,thermal-near-limit
2026-08-27T10:31:52Z,performance,all-core,386,96.2,60.03,4491.81,4491.87,4491.75,5137.90,NA,18.58,0,thermal-near-limit
2026-08-27T10:31:54Z,performance,all-core,388,96.1,60.00,4541.50,4541.75,4541.05,5137.90,NA,18.69,0,thermal-near-limit
2026-08-27T10:31:56Z,performance,all-core,390,96.2,60.01,4516.73,4516.81,4516.69,5137.90,NA,18.69,0,thermal-near-limit
2026-08-27T10:31:58Z,performance,all-core,392,96.2,60.00,4535.48,4541.78,4516.74,5137.90,NA,18.69,0,thermal-near-limit
2026-08-27T10:32:00Z,performance,all-core,394,96.2,59.99,4491.80,4491.85,4491.75,5137.90,NA,18.56,0,thermal-near-limit
2026-08-27T10:32:03Z,performance,all-core,396,96.5,60.01,4496.83,4516.45,4491.80,5137.90,NA,18.56,0,thermal-near-limit
2026-08-27T10:32:05Z,performance,all-core,399,96.4,60.03,4494.87,4516.74,4491.68,5137.90,NA,18.51,0,thermal-near-limit
2026-08-27T10:32:07Z,performance,all-core,401,96.4,60.03,4494.16,4516.69,4485.60,5137.90,NA,18.51,0,thermal-near-limit
2026-08-27T10:32:09Z,performance,all-core,403,96.2,59.99,4516.72,4516.80,4516.60,5137.90,NA,18.47,0,thermal-near-limit
2026-08-27T10:32:11Z,performance,all-core,405,96.2,60.02,4498.74,4516.76,4475.57,5137.90,NA,18.47,0,thermal-near-limit
2026-08-27T10:32:13Z,performance,all-core,407,96.2,60.00,4513.60,4516.80,4504.05,5137.90,NA,18.47,0,thermal-near-limit
2026-08-27T10:32:15Z,performance,all-core,409,96.2,60.01,4526.80,4541.77,4501.91,5137.90,NA,18.43,0,thermal-near-limit
2026-08-27T10:32:17Z,performance,all-core,411,96.2,60.03,4487.58,4491.81,4450.39,5137.90,NA,18.43,0,thermal-near-limit
2026-08-27T10:32:20Z,performance,all-core,413,96.4,60.01,4471.02,4491.86,4466.87,5137.90,NA,18.40,0,thermal-near-limit
2026-08-27T10:32:22Z,performance,all-core,416,96.4,59.99,4531.82,4541.76,4515.29,5137.90,NA,18.40,0,thermal-near-limit
2026-08-27T10:32:24Z,performance,all-core,418,96.4,59.99,4516.78,4516.84,4516.71,5137.90,NA,18.37,0,thermal-near-limit
2026-08-27T10:32:26Z,performance,all-core,420,96.4,60.01,4491.74,4491.84,4491.37,5137.90,NA,18.37,0,thermal-near-limit
2026-08-27T10:32:28Z,performance,all-core,422,96.4,60.00,4541.52,4541.72,4541.08,5137.90,NA,18.37,0,thermal-near-limit
2026-08-27T10:32:30Z,performance,all-core,424,96.4,60.02,4491.75,4491.83,4491.65,5137.90,NA,18.34,0,thermal-near-limit
2026-08-27T10:32:32Z,performance,all-core,426,96.4,60.02,4461.80,4491.79,4449.64,5137.90,NA,18.34,0,thermal-near-limit
2026-08-27T10:32:34Z,performance,all-core,428,96.4,59.99,4541.71,4541.80,4541.65,5137.90,NA,18.23,0,thermal-near-limit
2026-08-27T10:32:37Z,performance,all-core,431,96.4,59.99,4496.48,4516.77,4491.77,5137.90,NA,18.23,0,thermal-near-limit
2026-08-27T10:32:39Z,performance,all-core,433,96.4,60.02,4494.86,4516.70,4491.73,5137.90,NA,18.23,0,thermal-near-limit
2026-08-27T10:32:41Z,performance,all-core,435,96.4,60.02,4505.23,4516.79,4485.97,5137.90,NA,18.29,0,thermal-near-limit
2026-08-27T10:32:43Z,performance,all-core,437,96.4,59.99,4491.74,4491.86,4491.60,5137.90,NA,18.29,0,thermal-near-limit
2026-08-27T10:32:45Z,performance,all-core,439,96.4,60.02,4521.45,4541.76,4516.73,5137.90,NA,18.51,0,thermal-near-limit
2026-08-27T10:32:47Z,performance,all-core,441,96.4,59.99,4541.72,4541.76,4541.69,5137.90,NA,18.51,0,thermal-near-limit
2026-08-27T10:32:49Z,performance,all-core,443,96.5,60.03,4498.04,4516.77,4491.75,5137.90,NA,18.47,0,thermal-near-limit
2026-08-27T10:32:52Z,performance,all-core,445,96.5,59.99,4493.27,4516.70,4491.67,5137.90,NA,18.47,0,thermal-near-limit
2026-08-27T10:32:54Z,performance,all-core,448,96.5,60.01,4491.81,4491.88,4491.77,5137.90,NA,18.47,0,thermal-near-limit
2026-08-27T10:32:56Z,performance,all-core,450,96.5,60.01,4541.56,4541.76,4541.39,5137.90,NA,18.35,0,thermal-near-limit
2026-08-27T10:32:58Z,performance,all-core,452,96.5,60.01,4491.79,4491.83,4491.74,5137.90,NA,18.35,0,thermal-near-limit
2026-08-27T10:33:00Z,performance,all-core,454,96.5,60.01,4516.78,4516.83,4516.73,5137.90,NA,18.32,0,thermal-near-limit
2026-08-27T10:33:02Z,performance,all-core,456,96.5,59.99,4523.00,4541.75,4516.71,5137.90,NA,18.32,0,thermal-near-limit
2026-08-27T10:33:04Z,performance,all-core,458,96.6,60.02,4479.60,4491.84,4459.06,5137.90,NA,18.54,0,thermal-near-limit
2026-08-27T10:33:06Z,performance,all-core,460,96.6,60.01,4516.77,4516.82,4516.70,5137.90,NA,18.54,0,thermal-near-limit
2026-08-27T10:33:09Z,performance,all-core,463,96.5,59.99,4491.71,4491.79,4491.64,5137.90,NA,18.54,0,thermal-near-limit
2026-08-27T10:33:11Z,performance,all-core,465,96.5,60.02,4500.93,4516.78,4480.57,5137.90,NA,18.49,0,thermal-near-limit
2026-08-27T10:33:13Z,performance,all-core,467,96.6,60.03,4516.76,4516.81,4516.71,5137.90,NA,18.49,0,thermal-near-limit
2026-08-27T10:33:15Z,performance,all-core,469,96.6,60.01,4466.03,4491.75,4456.32,5137.90,NA,18.53,0,thermal-near-limit
2026-08-27T10:33:17Z,performance,all-core,471,96.6,60.00,4541.71,4541.77,4541.66,5137.90,NA,18.53,0,thermal-near-limit
2026-08-27T10:33:19Z,performance,all-core,473,96.6,60.02,4496.33,4516.09,4491.73,5137.90,NA,18.49,0,thermal-near-limit
2026-08-27T10:33:21Z,performance,all-core,475,96.5,59.99,4514.90,4516.76,4509.38,5137.90,NA,18.49,0,thermal-near-limit
2026-08-27T10:33:24Z,performance,all-core,477,96.5,59.99,4534.32,4541.72,4522.07,5137.90,NA,18.49,0,thermal-near-limit
2026-08-27T10:33:26Z,performance,all-core,480,96.5,60.00,4541.63,4541.73,4541.52,5137.90,NA,18.37,0,thermal-near-limit
